#file                                                                                                   all_Lsol_one_Rsol       F090W_one_Rsol        F150W_one_Rsol        F200W_one_Rsol        F277W_one_Rsol        F335M_one_Rsol        F444W_one_Rsol        GaiaG_one_Rsol        F555W_one_Rsol        F336W_one_Rsol        F110W_one_Rsol        F775W_one_Rsol        F475W_one_Rsol        F814W_one_Rsol        F160W_one_Rsol        F275W_one_Rsol        
/home/drubin/koa_scratch/r500/m+0.00/bosz2024_ap_t10000_g+2.0_m+0.00_a+0.00_c+0.00_v2_r500_resam.txt    9.120878266594682       3.1354157153564897    3.8941103255240854    4.374096435527245     5.002349455404545     5.390634906066615     5.917315794621183     2.7336316419766975    2.597398220566613     3.5567686951696293    3.4319969554446494    3.011871210829262     2.5120602317818364    3.0434499303086104    3.9380950284070773    3.9503441128077545    
/home/drubin/koa_scratch/r500/m+0.00/bosz2024_ap_t10000_g+2.5_m+0.00_a+0.00_c+0.00_v2_r500_resam.txt    9.092068513528314       3.1411618814874878    3.9001471382784203    4.3797319155025995    5.010669281991957     5.398093736604862     5.925366941372573     2.7262490825614822    2.5825536271350074    3.62338691880617      3.4323232498844884    3.0207099120569407    2.4892764210529124    3.0521166428462676    3.9449647736780284    3.998537123540254     
/home/drubin/koa_scratch/r500/m+0.00/bosz2024_ap_t10000_g+3.0_m+0.00_a+0.00_c+0.00_v2_r500_resam.txt    9.072456642824992       3.1501497426478497    3.9030263153810463    4.382056852230098     5.013973078772567     5.400066860945123     5.927765615714204     2.7266277641527226    2.577714083730025     3.646804745250056     3.434279231427288     3.0248035641012336    2.482868938909681     3.059053420386109     3.948638936602031     4.007356867356318     
/home/drubin/koa_scratch/r500/m+0.00/bosz2024_ap_t10000_g+3.5_m+0.00_a+0.00_c+0.00_v2_r500_resam.txt    9.060199641330833       3.158762819488472     3.902090406867662     4.381520077231383     5.013498423191631     5.398448548347757     5.926689132790546     2.7296028205918126    2.576355214580274     3.6432785942748973    3.4355587018263356    3.023665701290614     2.4845035257061654    3.062438775300638     3.948392284932573     3.992055958290348     
/home/drubin/koa_scratch/r500/m+0.00/bosz2024_ap_t10000_g+4.0_m+0.00_a+0.00_c+0.00_v2_r500_resam.txt    9.056453130404254       3.165592558070258     3.897656213572499     4.3788755637127394    5.010327710870648     5.39459844907544      5.923455123730856     2.733364302548913     2.5761356445231125    3.6220159791640585    3.4357983474398157    3.0182255236196687    2.490840740826883     3.0620864620408685    3.9445181191339076    3.9605165657885104    
/home/drubin/koa_scratch/r500/m+0.00/bosz2024_ap_t10000_g+4.5_m+0.00_a+0.00_c+0.00_v2_r500_resam.txt    9.064679526333265       3.1696873035164046    3.8902326129910487    4.374796119082528     5.005252173481044     5.389436547974761     5.918839350169131     2.7368677700192583    2.575773741855789     3.5879952582652113    3.434985756359725     3.0092792333632223    2.5000649351681776    3.057974674873229     3.9374985898366206    3.9162037549411366    
/home/drubin/koa_scratch/r500/m+0.00/bosz2024_ap_t10000_g+5.0_m+0.00_a+0.00_c+0.00_v2_r500_resam.txt    9.085359664247505       3.1708703999621193    3.8803607595618743    4.369740895636292     4.998772829488826     5.383509959619351     5.913326573021337     2.7406688593856696    2.5761359248911155    3.5437097386741714    3.433341089157529     2.997897605011184     2.5129163484807138    3.0506988208073476    3.9278052895670608    3.86145695197905      
/home/drubin/koa_scratch/r500/m+0.00/bosz2024_ap_t10250_g+2.0_m+0.00_a+0.00_c+0.00_v2_r500_resam.txt    10.06647299654202       3.091387045588459     3.8573537825747604    4.340415500020166     4.9702989333742975    5.359570374530749     5.88712364286038      2.6757610353466332    2.5396999941846743    3.4054593907151753    3.3929139839297267    2.958466397036709     2.4526263287018493    2.992940612712001     3.9016627081271786    3.776920094477995     
/home/drubin/koa_scratch/r500/m+0.00/bosz2024_ap_t10250_g+2.5_m+0.00_a+0.00_c+0.00_v2_r500_resam.txt    10.032789284072836      3.0966270366018787    3.8642612551897306    4.347304547703486     4.9802803459116225    5.368974239371768     5.8972610508628005    2.667725317075921     2.524011195863516     3.479090029988682     3.3934026615190627    2.9677691245814724    2.4286155859353133    3.0016649879101385    3.9093782062562155    3.8309774796419944    
/home/drubin/koa_scratch/r500/m+0.00/bosz2024_ap_t10250_g+3.0_m+0.00_a+0.00_c+0.00_v2_r500_resam.txt    10.008642338917511      3.1060893607781432    3.868910306676046     4.351463985896312     4.985593869197932     5.373033564403956     5.9016994438721735    2.6684127070348147    2.519233759745651     3.512200376461086     3.3963686359944023    2.973783885068792     2.4216079879134393    3.009936459407289     3.9148009481122608    3.8468808796283054    
/home/drubin/koa_scratch/r500/m+0.00/bosz2024_ap_t10250_g+3.5_m+0.00_a+0.00_c+0.00_v2_r500_resam.txt    9.99200896204188        3.1157220119953517    3.8700167650915986    4.352766333920489     4.98698754469015      5.373216458468098     5.902342073288011     2.6720353624803233    2.5182890172616657    3.518464733553345     3.3989562901370123    2.9750645420881385    2.4227627290711307    3.0152150672271       3.916593081528247     3.8393873738238864    
/home/drubin/koa_scratch/r500/m+0.00/bosz2024_ap_t10250_g+4.0_m+0.00_a+0.00_c+0.00_v2_r500_resam.txt    9.98335815509236        3.123692062697414     3.867396027875452     4.351642476781152     4.985287258874816     5.370718153666604     5.9003654624850155    2.6763091460461808    2.518327808410819     3.505646571395497     3.4003310092846837    2.9717309011251447    2.4284474550107156    3.0166642849189262    3.914541357944978     3.815307022555459     
/home/drubin/koa_scratch/r500/m+0.00/bosz2024_ap_t10250_g+4.5_m+0.00_a+0.00_c+0.00_v2_r500_resam.txt    9.987676103358158       3.1289605006116163    3.8614612922786518    4.348735063295187     4.98128713114496      5.366476559938147     5.896610628242466     2.6802844762626976    2.518182885598794     3.478783510554993     3.4004307300383574    2.9644341005492065    2.4370337163046862    3.0141162002076016    3.909038000469919     3.7782725180504166    
/home/drubin/koa_scratch/r500/m+0.00/bosz2024_ap_t10250_g+5.0_m+0.00_a+0.00_c+0.00_v2_r500_resam.txt    10.007369956179092      3.1313612440134433    3.8529262749872957    4.344691919775724     4.975643793004595     5.36120454430812      5.891677695891987     2.6841376359264473    2.5180246312551366    3.4413443139357063    3.399644775163412     2.9543697914858424    2.4484983776831393    3.008205284897603     3.900716535793607     3.730994171210459     
/home/drubin/koa_scratch/r500/m+0.00/bosz2024_ap_t10500_g+2.0_m+0.00_a+0.00_c+0.00_v2_r500_resam.txt    11.083587730340163      3.049221896919272     3.8219447324864717    4.307815387409405     4.939139937198851     5.3292624702949105    5.857542994645617     2.620481920886246     2.484562380747793     3.264012275774827     3.3553076036470157    2.907702535111978     2.3957619864738464    2.9448211565040667    3.866561017258323     3.6134381232233235    
/home/drubin/koa_scratch/r500/m+0.00/bosz2024_ap_t10500_g+2.5_m+0.00_a+0.00_c+0.00_v2_r500_resam.txt    11.04255235642057       3.0538234663671298    3.829258162161369     4.315470670442832     4.950243797725484     5.340055764519166     5.8692562195181575    2.611712294001774     2.4680303287157743    3.341481824069276     3.3557238242292966    2.9169243736120953    2.3706815285347305    2.953216747088108     3.874660543857588     3.67272765356623      
/home/drubin/koa_scratch/r500/m+0.00/bosz2024_ap_t10500_g+3.0_m+0.00_a+0.00_c+0.00_v2_r500_resam.txt    11.013899979195486      3.063557146174945     3.835276604335597     4.321128401267074     4.957272176892278     5.345958035985633     5.875566248539585     2.6126021843257257    2.4633106878601687    3.3818514198790988    3.359456339869708     2.924287955605066     2.363273160587918     2.9623924952788667    3.8814305817513683    3.694423548196588     
/home/drubin/koa_scratch/r500/m+0.00/bosz2024_ap_t10500_g+3.5_m+0.00_a+0.00_c+0.00_v2_r500_resam.txt    10.99299833297115       3.0740047439239717    3.8382069336639724    4.324158178718238     4.960499025388851     5.347977045544367     5.877980190872785     2.6168249933110377    2.4627902509204915    3.396700650480305     3.3632183808828886    2.927665365419634     2.3641296007394983    2.969267331435887     3.8850344061324034    3.6934905792811703    
/home/drubin/koa_scratch/r500/m+0.00/bosz2024_ap_t10500_g+4.0_m+0.00_a+0.00_c+0.00_v2_r500_resam.txt    10.979025307831462      3.08315602676828      3.8374606740040837    4.324649225508317     4.9604081365173815    5.347004891516658     5.877447117045697     2.6218568012793613    2.463423809570166     3.392213898780259     3.3658526388696277    2.9265660622103424    2.3695343063054017    2.972593728628466     3.8848581666209485    3.6764259225973768    
/home/drubin/koa_scratch/r500/m+0.00/bosz2024_ap_t10500_g+4.5_m+0.00_a+0.00_c+0.00_v2_r500_resam.txt    10.979177472759853      3.0896616395269745    3.833161031552921     4.323065454577867     4.957661293164305     5.343880264120008     5.87474051489938      2.626352104868841     2.4635541995296757    3.372667466334151     3.3670218278803636    2.92114012935044      2.377502119189897     2.971759841316697     3.881009401843239     3.6461379160779206    
/home/drubin/koa_scratch/r500/m+0.00/bosz2024_ap_t10500_g+5.0_m+0.00_a+0.00_c+0.00_v2_r500_resam.txt    10.996823157261586      3.0929954280088987    3.82583915387257      4.319984509153202     4.952892762425217     5.3393345745066965    5.870504832944067     2.630222180754644     2.463014708468138     3.3412236849183454    3.366888718416901     2.9121750300351117    2.387899668494245     2.9669707337393882    3.873939217795087     3.604696073308946     
/home/drubin/koa_scratch/r500/m+0.00/bosz2024_ap_t10750_g+2.0_m+0.00_a+0.00_c+0.00_v2_r500_resam.txt    12.17533646133772       3.0089276859022385    3.788019404582363     4.276472812202404     4.909101104961086     5.299966032763094     5.828870521111296     2.5677749665915184    2.4319263399471365    3.1323017259512675    3.319268160689358     2.859560120539928     2.3414288683226694    2.899078485742812     3.832922196451381     3.4588247086447206    
/home/drubin/koa_scratch/r500/m+0.00/bosz2024_ap_t10750_g+2.5_m+0.00_a+0.00_c+0.00_v2_r500_resam.txt    12.12551165232222       3.0126499938033255    3.79524412636381      4.284370283214988     4.92073715238         5.311545246394154     5.841561930942227     2.5580473629699196    2.414429475678345     3.210973827645378     3.319277873768762     2.8681573997677634    2.315251564190324     2.906719132398663     3.840919243337036     3.5227484349265366    
/home/drubin/koa_scratch/r500/m+0.00/bosz2024_ap_t10750_g+3.0_m+0.00_a+0.00_c+0.00_v2_r500_resam.txt    12.092127291661793      3.0224407051141924    3.802220882462564     4.291150724209532     4.929109103327115     5.318940969889061     5.849414216326463     2.55897723120286      2.409667263504631     3.256256132587563     3.3235253084113037    2.8763575865357103    2.307473015802919     2.9163959516630062    3.8486235957216564    3.5493532664563405    
/home/drubin/koa_scratch/r500/m+0.00/bosz2024_ap_t10750_g+3.5_m+0.00_a+0.00_c+0.00_v2_r500_resam.txt    12.066379487074128      3.0335128461174787    3.806687418992229     4.2956913750395636    4.933988312523568     5.322660886794129     5.853497864012613     2.563756640469182     2.409608665854847     3.278076466532376     3.3282808717922197    2.881425751265728     2.308247692464429     2.924536070068843     3.853749656417373     3.5539563709639737    
/home/drubin/koa_scratch/r500/m+0.00/bosz2024_ap_t10750_g+4.0_m+0.00_a+0.00_c+0.00_v2_r500_resam.txt    12.048461420879642      3.043649258317597     3.807717557963493     4.297775806614465     4.935551635859127     5.323294884640867     5.854514896952072     2.5694777372427566    2.41079332781763      3.281244692720832     3.332079131477159     2.8823669883686636    2.313460825852463     2.9295267466631136    3.8553473479168296    3.5429288519489113    
/home/drubin/koa_scratch/r500/m+0.00/bosz2024_ap_t10750_g+4.5_m+0.00_a+0.00_c+0.00_v2_r500_resam.txt    12.04332314021757       3.051412940601198     3.805111313812871     4.297598427162999     4.934181245789725     5.321447923374536     5.853036880036325     2.574703873522833     2.411494305491174     3.2689210995268163    3.334410529462418     2.878943366044458     2.321167177555038     2.930482312053711     3.853201133690063     3.518992530560644     
/home/drubin/koa_scratch/r500/m+0.00/bosz2024_ap_t10750_g+5.0_m+0.00_a+0.00_c+0.00_v2_r500_resam.txt    12.05699906546358       3.0559477217502713    3.7991845323265068    4.295610330998249     4.930446678944787     5.317813386456009     5.849679398087586     2.5790036251892143    2.411132030272948     3.24379689551979      3.335225711224195     2.871558406146075     2.3308825846782026    2.9272145062100368    3.847547891662904     3.4836238673927813    
/home/drubin/koa_scratch/r500/m+0.00/bosz2024_ap_t11000_g+2.0_m+0.00_a+0.00_c+0.00_v2_r500_resam.txt    13.347334994767513      2.9705247170258287    3.7557077875806746    4.246558146455777     4.880391720917546     5.271932191797699     5.801364910981508     2.51749747233204      2.3816225653798466    3.0101427587365235    3.284859273276512     2.814003481536402     2.289398695230501     2.855700048937467     3.80088333936342      3.3125796685781776    
/home/drubin/koa_scratch/r500/m+0.00/bosz2024_ap_t11000_g+2.5_m+0.00_a+0.00_c+0.00_v2_r500_resam.txt    13.28555232251067       2.973179416911435     3.762424761371218     4.254229545843287     4.892012491846523     5.283703330242179     5.81442030511191      2.506693370785866     2.363134767913461     3.088073126044435     3.284208754245884     2.8216244666491637    2.2621496757033492    2.8622921459461335    3.808353106105561     3.380474932623577     
/home/drubin/koa_scratch/r500/m+0.00/bosz2024_ap_t11000_g+3.0_m+0.00_a+0.00_c+0.00_v2_r500_resam.txt    13.246195461621564      2.98280166466699      3.7699209402480527    4.261702670390562     4.901260864179117     5.2921321639600585    5.82338699786602      2.507489612062845     2.358225778942291     3.1360962833834742    3.288680450181295     2.830154418725809     2.254034306175029     2.8720720574577117    3.8165577075280055    3.4113514998429197    
/home/drubin/koa_scratch/r500/m+0.00/bosz2024_ap_t11000_g+3.5_m+0.00_a+0.00_c+0.00_v2_r500_resam.txt    13.216492769475508      2.9942380494258405    3.775568603825013     4.267455805848174     4.907512617224013     5.297303881588289     5.828927487001576     2.512624689822103     2.358461897506224     3.163069804167006     3.2941609129565377    2.836431791415879     2.254712345141574     2.881073333165806     3.8228492852414653    3.4205445012656637    
/home/drubin/koa_scratch/r500/m+0.00/bosz2024_ap_t11000_g+4.0_m+0.00_a+0.00_c+0.00_v2_r500_resam.txt    13.193896361769877      3.0052018076085316    3.7781816278037734    4.2709937265944635    4.910627181360051     5.299470180330138     5.831449558281223     2.519007670964058     2.3602229140444027    3.172799098588603     3.2990182846762064    2.8391690134578838    2.2598927425425153    2.8874992368282704    3.8260210590083146    3.4147497793871837    
/home/drubin/koa_scratch/r500/m+0.00/bosz2024_ap_t11000_g+4.5_m+0.00_a+0.00_c+0.00_v2_r500_resam.txt    13.182865138337695      3.014081905473021     3.777236010321146     4.272224156317964     4.910703216911456     5.299010377337058     5.831329572312681     2.5249846627953803    2.3615664839675605    3.1672953349962727    3.3024707708219756    2.8376792534055637    2.2674985750304155    2.890133676534647     3.825539484093246     3.3964286533194654    
/home/drubin/koa_scratch/r500/m+0.00/bosz2024_ap_t11000_g+5.0_m+0.00_a+0.00_c+0.00_v2_r500_resam.txt    13.189201904169463      3.0198330504692454    3.7727769819279255    4.27142127890409      4.908139909645954     5.296448974524966     5.829009583939816     2.5299390080622146    2.3616987066183888    3.1484516562102933    3.3043097832040274    2.832019751841685     2.2769051737425934    2.8884799110352652    3.821371714542257     3.3668399513167535    
/home/drubin/koa_scratch/r500/m+0.00/bosz2024_ap_t11250_g+2.0_m+0.00_a+0.00_c+0.00_v2_r500_resam.txt    14.602199131710975      2.9338231620159805    3.7248430488943813    4.217961835043811     4.852975489819265     5.245153721313487     5.775093041672136     2.469528892487484     2.3335745252029385    2.8964653663046924    3.251921519954468     2.7707594480407227    2.2396720556097085    2.8144346819573625    3.770278638983987     3.174201553664973     
/home/drubin/koa_scratch/r500/m+0.00/bosz2024_ap_t11250_g+2.5_m+0.00_a+0.00_c+0.00_v2_r500_resam.txt    14.524611195150314      2.935390777065836     3.7308760281271525    4.22516000344263      4.864225839678228     5.256703196204423     5.788042189333524     2.457604684585983     2.314068842130284     2.9727252249466374    3.250526311200445     2.7772682985799344    2.2113586100193543    2.819889842585226     3.7770428671862923    3.245322714026072     
/home/drubin/koa_scratch/r500/m+0.00/bosz2024_ap_t11250_g+3.0_m+0.00_a+0.00_c+0.00_v2_r500_resam.txt    14.476989557724508      2.9446307179941655    3.7385284631847977    4.232957354330454     4.873942501061881     5.265742232418774     5.797698855352116     2.458101941663281     2.308924381837957     3.021855345981212     3.254965539791781     2.7857435228337266    2.2028777196458273    2.8294526562125983    3.7853837640076278    3.280000047839704     
/home/drubin/koa_scratch/r500/m+0.00/bosz2024_ap_t11250_g+3.5_m+0.00_a+0.00_c+0.00_v2_r500_resam.txt    14.444097325070064      2.9562091119357525    3.7449979325223643    4.239597846535336     4.881230837018992     5.272054279837727     5.804394365627678     2.4633951680812256    2.3092830408756724    3.052292498948762     3.26092659091434      2.792796870772132     2.2034022210519066    2.838960970297606     3.7924812785320183    3.2930507738271024    
/home/drubin/koa_scratch/r500/m+0.00/bosz2024_ap_t11250_g+4.0_m+0.00_a+0.00_c+0.00_v2_r500_resam.txt    14.417444919504302      2.9677769748632308    3.7489340671530265    4.244375100754128     4.885697604663418     5.2755966294512096    5.80827323541793      2.470313005821442     2.311534621055781     3.067257987145658     3.2666508580508573    2.796981619521373     2.2085794386059048    2.846508441368394     3.796964677288987     3.291695564486499     
/home/drubin/koa_scratch/r500/m+0.00/bosz2024_ap_t11250_g+4.5_m+0.00_a+0.00_c+0.00_v2_r500_resam.txt    14.401743653909058      2.97761858288428      3.749539065604346     4.2469472451310395    4.887187150768126     5.276509472258539     5.809505937552269     2.4769803030303312    2.313494183329206     3.0678559676698427    3.2711548253497744    2.7972860881712713    2.216131514416866     2.850660267212068     3.7980320687401936    3.278339312282608     
/home/drubin/koa_scratch/r500/m+0.00/bosz2024_ap_t11250_g+5.0_m+0.00_a+0.00_c+0.00_v2_r500_resam.txt    14.402603227140618      2.9845186783421482    3.746560112224966     4.24735921551684      4.885883903701061     5.275124841354786     5.808353762650912     2.4826089420779955    2.314215322563431     3.0550439061649555    3.2740162801030666    2.7933649351976615    2.2253255920903876    2.850595076670259     3.7953599113991383    3.2540139153732155    
/home/drubin/koa_scratch/r500/m+0.00/bosz2024_ap_t11500_g+2.0_m+0.00_a+0.00_c+0.00_v2_r500_resam.txt    15.95007917309425       2.89858461394386      3.695314338451769     4.190614114946901     4.826822549045631     5.219632837528595     5.750075073807465     2.4233953359008535    2.287271070404677     2.7902707062355385    3.2202806114712113    2.729502816956415     2.191678065350956     2.774989846012046     3.7409988178591136    3.042960438962819     
/home/drubin/koa_scratch/r500/m+0.00/bosz2024_ap_t11500_g+2.5_m+0.00_a+0.00_c+0.00_v2_r500_resam.txt    15.850607994997626      2.8992035265432485    3.700626890421739     4.197237865961977     4.837509679848986     5.230714776279496     5.762620363236522     2.4105659044858734    2.266999795346925     2.8646709693243033    3.21820173883045      2.735013725052351     2.1625457117643316    2.77943464353434      3.7470219813834116    3.1168443310600322    
/home/drubin/koa_scratch/r500/m+0.00/bosz2024_ap_t11500_g+3.0_m+0.00_a+0.00_c+0.00_v2_r500_resam.txt    15.792535286645398      2.907941966309483     3.708165978833039     4.205057696845417     4.847342629707526     5.23999310188562      5.7725853090914185    2.4107041016805937    2.26159127617935      2.9137672867888194    3.2224408093731       2.743181528084521     2.1537516115080106    2.7885803876208874    3.7552277087987953    3.1548413664463397    
/home/drubin/koa_scratch/r500/m+0.00/bosz2024_ap_t11500_g+3.5_m+0.00_a+0.00_c+0.00_v2_r500_resam.txt    15.755167083172436      2.9194463445073855    3.715123786724816     4.21226676437133      4.855327755398332     5.24709622431444      5.780103443983227     2.4160133381163       2.262011168580348     2.9462030491156788    3.2286502614156314    2.7506323154818677    2.1541464723215635    2.7982736066245737    3.7627976919082995    3.171307345573409     
/home/drubin/koa_scratch/r500/m+0.00/bosz2024_ap_t11500_g+4.0_m+0.00_a+0.00_c+0.00_v2_r500_resam.txt    15.725547917087429      2.9313693311318394    3.7200639246811393    4.218010768819827     4.860878275206078     5.251772650785016     5.785098929786891     2.4232618437681315    2.2645797310284834    2.9649918118490017    3.2349981613870913    2.755857885940038     2.159268653533849     2.8065903843329068    3.7682732588966776    3.173599162219158     
/home/drubin/koa_scratch/r500/m+0.00/bosz2024_ap_t11500_g+4.5_m+0.00_a+0.00_c+0.00_v2_r500_resam.txt    15.705883011465842      2.941954908668363     3.722011568717845     4.221761563385965     4.863639887468084     5.253942278965521     5.787565702481308     2.4305244495728626    2.2671069374164166    2.970662430089445     3.2403871781898195    2.757678016082342     2.1668227720551374    2.811987951847338     3.770677696903059     3.164481979551026     
/home/drubin/koa_scratch/r500/m+0.00/bosz2024_ap_t11500_g+5.0_m+0.00_a+0.00_c+0.00_v2_r500_resam.txt    15.70027363114239       2.9498694316374756    3.7204599573962054    4.223361958822373     4.863590558647331     5.253752402154409     5.787592245568062     2.436834866976474     2.268453478704426     2.963372065151325     3.2442089546156283    2.7554176183795382    2.1759532159889234    2.813400197326159     3.769443772758641     3.144751882437995     
/home/drubin/koa_scratch/r500/m+0.00/bosz2024_ap_t11750_g+2.0_m+0.00_a+0.00_c+0.00_v2_r500_resam.txt    17.38952646394619       2.864777220479364     3.6669892143686194    4.164379762624176     4.801791345590562     5.195231852394658     5.726183780266835     2.379192188351365     2.242888765540832     2.6906760720419145    3.189877518419083     2.6901128285504337    2.1456533153603945    2.737274608452121     3.7129147248156196    2.9188884548305225    
/home/drubin/koa_scratch/r500/m+0.00/bosz2024_ap_t11750_g+2.5_m+0.00_a+0.00_c+0.00_v2_r500_resam.txt    17.26384190328131       2.8645458691150294    3.6716488876824616    4.17046476563356      4.811907088184604     5.205804170105446     5.738236473759841     2.3655210336717967    2.2218818888257723    2.7634009000034743    3.1871917221708035    2.694728481311559     2.1157266631098226    2.7408131069946218    3.718264453663602     2.9946973283104974    
/home/drubin/koa_scratch/r500/m+0.00/bosz2024_ap_t11750_g+3.0_m+0.00_a+0.00_c+0.00_v2_r500_resam.txt    17.193648150833734      2.8726781026332815    3.678888361064358     4.17809737200256      4.821592835266221     5.215026354273544     5.748197071554648     2.3651996740542827    2.216129533070591     2.8117100844334986    3.1910954042786255    2.7024085316955655    2.106563810819033     2.7493912871892094    3.7261486503667656    3.0354399810329653    
/home/drubin/koa_scratch/r500/m+0.00/bosz2024_ap_t11750_g+3.5_m+0.00_a+0.00_c+0.00_v2_r500_resam.txt    17.151171161841535      2.883924726241389     3.686033524003951     4.185578994675241     4.829951342546689     5.222604196490205     5.756228098542929     2.37036414041994      2.2164704986953043    2.8450249719122063    3.197329434418164     2.7099381462731955    2.106755970244127     2.759001498308585     3.7338884783980153    3.054892465618873     
/home/drubin/koa_scratch/r500/m+0.00/bosz2024_ap_t11750_g+4.0_m+0.00_a+0.00_c+0.00_v2_r500_resam.txt    17.11969126077748       2.8960287203711133    3.691725157796717     4.192066720403975     4.83635682430568      5.228188375167374     5.762131941754129     2.3777815353343374    2.2192233177795058    2.8665009491946565    3.2041262098099836    2.7158973793581955    2.1117619269615275    2.7678236616466507    3.74010396707198      3.0603875429170198    
/home/drubin/koa_scratch/r500/m+0.00/bosz2024_ap_t11750_g+4.5_m+0.00_a+0.00_c+0.00_v2_r500_resam.txt    17.097158153608795      2.907168796156392     3.694802179803329     4.1968193749672125    4.840225833200328     5.231466636380782     5.765676765764321     2.3855045558732533    2.2221998312893603    2.8762318665121334    3.2102428190867243    2.7189506204649696    2.119308708922034     2.77420954847213      3.743630134187532     3.0548305782485965    
/home/drubin/koa_scratch/r500/m+0.00/bosz2024_ap_t11750_g+5.0_m+0.00_a+0.00_c+0.00_v2_r500_resam.txt    17.08682793885658       2.9159482859549826    3.6945722730272705    4.199514408165596     4.841348727185084     5.232398655528121     5.766807258671342     2.3924083120992026    2.2241187528339874    2.873809268017908     3.214940459086974     2.718200183872419     2.128368669307962     2.7769385603224173    3.7437241404977675    3.0391361960431023    
/home/drubin/koa_scratch/r500/m+0.00/bosz2024_ap_t12000_g+2.0_m+0.00_a+0.00_c+0.00_v2_r500_resam.txt    18.927617934649682      2.832101298980709     3.639661286083155     4.139098556401261     4.777731487466878     5.171809337275269     5.7032923244945355    2.3365392682452564    2.2000228328329725    2.5966115939472405    3.160467715651536     2.6522177448514594    2.101202165743077     2.7009413389870462    3.6858201869814433    2.80113284339581      
/home/drubin/koa_scratch/r500/m+0.00/bosz2024_ap_t12000_g+2.5_m+0.00_a+0.00_c+0.00_v2_r500_resam.txt    18.76932052348271       2.8312318190383836    3.643843436164018     4.144773310687253     4.787377876299877     5.181940651376548     5.714895982425117     2.322231456374069     2.178457421714686     2.668238427811133     3.1573580217994257    2.656197362857032     2.0706556318147835    2.703818431008544     3.6906707739492255    2.8785824222470118    
/home/drubin/koa_scratch/r500/m+0.00/bosz2024_ap_t12000_g+3.0_m+0.00_a+0.00_c+0.00_v2_r500_resam.txt    18.682305515503355      2.838812639475809     3.6506903346626505    4.152084186876994     4.796725612628856     5.190897928864322     5.724602447155456     2.3215359898061023    2.1724888578639288    2.7154609256060036    3.160925035236164     2.663399881101628     2.0612464885428956    2.711854678302741     3.6981373791717753    2.921556369422735     
/home/drubin/koa_scratch/r500/m+0.00/bosz2024_ap_t12000_g+3.5_m+0.00_a+0.00_c+0.00_v2_r500_resam.txt    18.63273110784188       2.8497528937275978    3.6578611186177774    4.159650785934024     4.805220669330115     5.198690273310228     5.732874203297862     2.326533957696957     2.172766535797036     2.7489599338101502    3.1670996519406955    2.6708689574786106    2.0612801525547377    2.721280137622337     3.705884000724195     2.9437408743473945    
/home/drubin/koa_scratch/r500/m+0.00/bosz2024_ap_t12000_g+4.0_m+0.00_a+0.00_c+0.00_v2_r500_resam.txt    18.599154925431694      2.8617992805285097    3.6639841673112263    4.166590918901914     4.812185971050251     5.20490359621885      5.739419226238418     2.333987085947097     2.175602046548763     2.771980880107423     3.1740993324190026    2.677200238410875     2.0661819896604534    2.730289342545041     3.7125190424784504    2.951950366407534     
/home/drubin/koa_scratch/r500/m+0.00/bosz2024_ap_t12000_g+4.5_m+0.00_a+0.00_c+0.00_v2_r500_resam.txt    18.574935633260328      2.8733171301369764    3.6679724072500113    4.172170040620899     4.816981282008409     5.209122938712106     5.743891438644387     2.3420272914274545    2.1789142811672364    2.784808722917484     3.180779322170426     2.681207244558289     2.073678835200725     2.73741364972822      3.7169489619055085    2.949509843714917     
/home/drubin/koa_scratch/r500/m+0.00/bosz2024_ap_t12000_g+5.0_m+0.00_a+0.00_c+0.00_v2_r500_resam.txt    18.561971849444113      2.882812842654858     3.668930309432796     4.175856213676042     4.819181596782992     5.21109674783129      5.746031555487012     2.3494567626539324    2.1813609070357916    2.7865565436139876    3.186247691063105     2.6817912128945967    2.0827139838413187    2.7412819087465037    3.7182335602746774    2.9373948613700094    
/home/drubin/koa_scratch/r500/m+0.00/bosz2024_ap_t12500_g+3.0_m+0.00_a+0.00_c+0.00_v2_r500_resam.txt    21.957324996114         2.7749388918131377    3.5975192600596575    4.102987497151425     4.749870609474738     5.145430637640869     5.680148961528148     2.239045139756893     2.089897606854348     2.5389751387022717    3.103881031642986     2.59020912236765      1.9753547139946102    2.6413282846183455    3.645330086418153     2.7091253065965426    
/home/drubin/koa_scratch/r500/m+0.00/bosz2024_ap_t12500_g+3.5_m+0.00_a+0.00_c+0.00_v2_r500_resam.txt    21.88350049212893       2.785050472746875     3.6043131325565776    4.110269045010842     4.758094810045546     5.153065732635365     5.688279563633723     2.243623773843338     2.0900037557694673    2.571464168687755     3.1096539494544007    2.597187360187501     1.975161811477144     2.6500708638072528    3.652658802039002     2.7355054608958875    
/home/drubin/koa_scratch/r500/m+0.00/bosz2024_ap_t12500_g+4.0_m+0.00_a+0.00_c+0.00_v2_r500_resam.txt    21.84521517516172       2.796645027240761     3.6107250432475717    4.117546817441281     4.765536803322561     5.159875744419958     5.695451691175951     2.2508151278014705    2.092750352839202     2.5954422475090184    3.1166604720222804    2.6036659258718275    1.9796932381363823    2.6589506128405302    3.659555585361503     2.748246556270206     
/home/drubin/koa_scratch/r500/m+0.00/bosz2024_ap_t12500_g+4.5_m+0.00_a+0.00_c+0.00_v2_r500_resam.txt    21.821600392073314      2.8083931465169822    3.6158587161578044    4.1241833547474105    4.771567429006921     5.165391433193215     5.701206167925221     2.2590871148879863    2.0963792680727074    2.6119173205025525    3.1239613763655116    2.608778160719706     1.986975742525251     2.666836511312675     3.6651143151847396    2.7508572120442114    
/home/drubin/koa_scratch/r500/m+0.00/bosz2024_ap_t12500_g+5.0_m+0.00_a+0.00_c+0.00_v2_r500_resam.txt    21.80599047792975       2.8188227980413334    3.61865606953041      4.129420756685061     4.775494315067251     5.169062752160026     5.705012468922216     2.267203818834166     2.09956695863786      2.6196427245155975    3.1305653414328076    2.611324162067911     1.9958863734525634    2.6723239312132363    3.668236883734495     2.7444375182827345    
/home/drubin/koa_scratch/r500/m+0.00/bosz2024_ap_t13000_g+3.0_m+0.00_a+0.00_c+0.00_v2_r500_resam.txt    25.646899284521925      2.7154967921583273    3.5480706267010835    4.057315210155748     4.706418816758193     5.103320026222987     5.639059919036072     2.1621936277275697    2.0128178598892643    2.3804225649025894    3.0506685971249405    2.5225423276158203    1.8950889986239035    2.5760026919949732    3.5962285627747144    2.5153136882067804    
/home/drubin/koa_scratch/r500/m+0.00/bosz2024_ap_t13000_g+3.5_m+0.00_a+0.00_c+0.00_v2_r500_resam.txt    25.541602588012186      2.7249143372385443    3.554403239414248     4.06416774503959      4.714153707972701     5.110537235840048     5.64672557884365      2.1664858673320935    2.0128903499070336    2.411645016782255     3.056061885472791     2.5290554343556697    1.8948368248284442    2.5841386212032496    3.6030545414762214    2.544532104817775     
/home/drubin/koa_scratch/r500/m+0.00/bosz2024_ap_t13000_g+4.0_m+0.00_a+0.00_c+0.00_v2_r500_resam.txt    25.490663225969723      2.735799781354981     3.56060926422056      4.071273264817273     4.721465618180465     5.1172898594073875    5.653837294317054     2.1732977813229235    2.01548293528514      2.4350015475692937    3.062743295994139     2.535231804996462     1.8990870049366353    2.592511361126744     3.6097145660111645    2.5606305456207594    
/home/drubin/koa_scratch/r500/m+0.00/bosz2024_ap_t13000_g+4.5_m+0.00_a+0.00_c+0.00_v2_r500_resam.txt    25.468877266241435      2.747218432973363     3.5661169687340823    4.078250463387153     4.727973584588382     5.123347380679308     5.6601444786339545    2.181362402643789     2.019075780040183     2.452496805365512     3.0700928602912       2.5406020765889794    1.9059947526591179    2.6004055020359473    3.6156284941267733    2.566956839311972     
/home/drubin/koa_scratch/r500/m+0.00/bosz2024_ap_t13000_g+5.0_m+0.00_a+0.00_c+0.00_v2_r500_resam.txt    25.46209370128855       2.757959100062025     3.570036852541226     4.084453658481061     4.733049356441423     5.128183560569733     5.665102311818949     2.189672122217398     2.022556627118552     2.4634999766809518    3.0772731441026657    2.54422215571363      1.9145961967850096    2.6066945578794085    3.6198708836558846    2.5648284889139825    
/home/drubin/koa_scratch/r500/m+0.00/bosz2024_ap_t13500_g+3.0_m+0.00_a+0.00_c+0.00_v2_r500_resam.txt    29.788659815767755      2.659593236867605     3.501564697634321     4.014345596758428     4.665619866894699     5.063811163392458     5.6006308487220915    2.0899251534071737    1.9402746831957451    2.235930847988958     3.000505973066324     2.4592377546114648    1.8194927702450616    2.514798215587568     3.550054320744653     2.3375082659909023    
/home/drubin/koa_scratch/r500/m+0.00/bosz2024_ap_t13500_g+3.5_m+0.00_a+0.00_c+0.00_v2_r500_resam.txt    29.636375748470456      2.6686295849280803    3.50763574082638      4.020933861483156     4.673034917632415     5.0707698863954604    5.608013985588368     2.094296084060257     1.940635656791433     2.26651975724469      3.0057562156817283    2.4656055132594004    1.8195360296919323    2.522656940939772     3.55658089232642      2.3688374280041384    
/home/drubin/koa_scratch/r500/m+0.00/bosz2024_ap_t13500_g+4.0_m+0.00_a+0.00_c+0.00_v2_r500_resam.txt    29.56673340662919       2.67884010730898      3.51350007734501      4.027704333370555     4.680015820939251     5.077254879129539     5.6148110429284825    2.1007858755695064    1.943128619419028     2.2888971731894916    3.012078560666936     2.4714153664073595    1.823611097799625     2.5304990408839685    3.5628681997534133    2.3872210146455006    
/home/drubin/koa_scratch/r500/m+0.00/bosz2024_ap_t13500_g+4.5_m+0.00_a+0.00_c+0.00_v2_r500_resam.txt    29.546442235921752      2.6896637181992373    3.5189501693259038    4.034604808126315     4.686521662115397     5.083353557430219     5.621133496356982     2.1084516524062913    1.9465298521140921    2.306063690552446     3.0191683062620944    2.4766167820864435    1.8301060212468723    2.5380306727910567    3.5687030460561386    2.396285988179581     
/home/drubin/koa_scratch/r500/m+0.00/bosz2024_ap_t13500_g+5.0_m+0.00_a+0.00_c+0.00_v2_r500_resam.txt    29.548133355513894      2.7002847313752727    3.52339240335801      4.041227718107653     4.6921423235751645    5.0887557949535545    5.6266229685085065    2.1166472564358974    1.9500506834648157    2.31838592192175      3.026501223237706     2.480679941023196     1.838326009734546     2.544548623909967     3.5734568355904455    2.3975101874868923    
/home/drubin/koa_scratch/r500/m+0.00/bosz2024_ap_t14000_g+3.0_m+0.00_a+0.00_c+0.00_v2_r500_resam.txt    34.428513047774274      2.606583064760961     3.457421326612471     3.973528833814231     4.626882470051795     5.026292158594844     5.564164887539541     2.0214337688474098    1.871504558594061     2.1026965386035528    2.9528326478435787    2.399488330057756     1.7477655121311733    2.4569573265992357    3.5062288240948893    2.1734008387355095    
/home/drubin/koa_scratch/r500/m+0.00/bosz2024_ap_t14000_g+3.5_m+0.00_a+0.00_c+0.00_v2_r500_resam.txt    34.21881964973948       2.615545192831364     3.4634793329356612    3.980069049288425     4.634175469887676     5.033167991242392     5.5714588038347115    2.026176913624128     1.8723998730417093    2.1333741724848703    2.9581947363219485    2.4060229577218744    1.7483532062603904    2.464855833365406     3.512706181000876     2.2065332155874495    
/home/drubin/koa_scratch/r500/m+0.00/bosz2024_ap_t14000_g+4.0_m+0.00_a+0.00_c+0.00_v2_r500_resam.txt    34.12139990091008       2.625276562593078     3.4690707492073916    3.9865513948606046    4.640868316187251     5.039423020414604     5.57802807515571      2.0325906888782406    1.8750244493308308    2.1550313172641316    2.964278697482898     2.4116300093764638    1.752525899415522     2.4723526021697837    3.518690352797584     2.226620435358393     
/home/drubin/koa_scratch/r500/m+0.00/bosz2024_ap_t14000_g+4.5_m+0.00_a+0.00_c+0.00_v2_r500_resam.txt    34.09738509266114       2.6353999777584014    3.4742302200795043    3.9931565470020693    4.647152728214034     5.045374238613045     5.584196990927779     2.03982869772399      1.8782093472805215    2.171286943204847     2.9709621921537472    2.4164675118662027    1.7586756653724196    2.479360785506895     3.524211954856008     2.237436185523005     
/home/drubin/koa_scratch/r500/m+0.00/bosz2024_ap_t14000_g+5.0_m+0.00_a+0.00_c+0.00_v2_r500_resam.txt    34.10828769411345       2.6455918779479806    3.478782859793382     3.999828271720052     4.652947534383755     5.050978340640601     5.5898601572621995    2.047681590116355     1.8815776224786056    2.183673979242266     2.978135619158182     2.4205281552797246    1.7664423697772373    2.485702738263526     3.529063632763849     2.241072177003747     
/home/drubin/koa_scratch/r500/m+0.00/bosz2024_ap_t14500_g+3.0_m+0.00_a+0.00_c+0.00_v2_r500_resam.txt    39.597323161369005      2.555868049631107     3.4151889504742616    3.9344893453487884    4.589873103913201     4.990437944597654     5.529310888450314     1.9559374503510873    1.805721852213509     1.9784954905794732    2.9071395626727545    2.3425546839194578    1.679118002502145     2.401779489887434     3.464305856145664     2.020771074326529     
/home/drubin/koa_scratch/r500/m+0.00/bosz2024_ap_t14500_g+3.5_m+0.00_a+0.00_c+0.00_v2_r500_resam.txt    39.31111546563342       2.565179623330188     3.421552317393158     3.9412516720438147    4.597272933657207     4.99743280340049      5.536686580744757     1.961545075271277     1.8076174122463808    2.010222189538035     2.9129716820707596    2.3497121429148664    1.6807356545078007    2.4101732202699155    3.4710513381627535    2.056031521944926     
/home/drubin/koa_scratch/r500/m+0.00/bosz2024_ap_t14500_g+4.0_m+0.00_a+0.00_c+0.00_v2_r500_resam.txt    39.18330176991543       2.574615947086473     3.426967410925754     3.947512120307799     4.603697781379456     5.0034662490568405    5.543026137244924     1.9680659257116466    1.8105267870536572    2.031483928468341     2.91895001000582      2.355282897170227     1.68517334916939      2.417503404972673     3.4768269946172294    2.07730572050131      
/home/drubin/koa_scratch/r500/m+0.00/bosz2024_ap_t14500_g+4.5_m+0.00_a+0.00_c+0.00_v2_r500_resam.txt    39.1525369498204        2.5841417507166438    3.4318190777871886    3.953774200422224     4.609690220468231     5.009179914072699     5.548983879682198     1.9750139461022131    1.8136276003537382    2.0468606964851905    2.925276250143125     2.3598150141493384    1.6911403568214634    2.42406518399941      3.482017331932707     2.0893431407544565    
/home/drubin/koa_scratch/r500/m+0.00/bosz2024_ap_t14500_g+5.0_m+0.00_a+0.00_c+0.00_v2_r500_resam.txt    39.177226969221444      2.5936908095499023    3.436175789281184     3.960209554350356     4.615367319539156     5.014721308786486     5.554618599939057     1.9823801298328099    1.8167158095641374    2.058522312040312     2.932061635364393     2.3635767472095837    1.6984187115608465    2.4299623714283416    3.486660323332646     2.094456480524852     
/home/drubin/koa_scratch/r500/m+0.00/bosz2024_ap_t15000_g+3.0_m+0.00_a+0.00_c+0.00_v2_r500_resam.txt    45.33356438660729       2.5070318407789487    3.3744815257604377    3.8968689703220556    4.554257512607983     4.955935728010875     5.495782541269289     1.893018285011471     1.7425513038310938    1.8616866217917099    2.8630518318634084    2.2879386019286256    1.6132038342091004    2.348789805200758     3.4238998666100127    1.877887183807076     
/home/drubin/koa_scratch/r500/m+0.00/bosz2024_ap_t15000_g+3.5_m+0.00_a+0.00_c+0.00_v2_r500_resam.txt    44.94828677750501       2.517049338265278     3.3814961154578898    3.904176031530222     4.562073600998473     4.963346369358325     5.503500407110171     1.8997933341296398    1.7456947814893644    1.895242939377815     2.8696766630457677    2.296074110565312     1.6160858984036879    2.358041605233164     3.4312620115639008    1.9156303308331293    
/home/drubin/koa_scratch/r500/m+0.00/bosz2024_ap_t15000_g+4.0_m+0.00_a+0.00_c+0.00_v2_r500_resam.txt    44.771498183475366      2.526474285190947     3.3869521001896685    3.9104031412304168    4.568403613860012     4.969310277710531     5.509740850522162     1.9067300359242922    1.7491641357068564    1.9167547372670235    2.875788305971321     2.3018979587286337    1.6210849671376888    2.3655007921098403    3.4370477338082175    1.9381604941754484    
/home/drubin/koa_scratch/r500/m+0.00/bosz2024_ap_t15000_g+4.5_m+0.00_a+0.00_c+0.00_v2_r500_resam.txt    44.73460451030111       2.535552783856947     3.3915492639666525    3.91635464716399      4.574084866430469     4.974756609263089     5.515414571582772     1.9135586622527212    1.7523250714666188    1.9314917135465874    2.8818597641428907    2.306253308066215     1.6270517710134311    2.3717592141617083    3.4419591844645985    1.951014889636463     
/home/drubin/koa_scratch/r500/m+0.00/bosz2024_ap_t15000_g+5.0_m+0.00_a+0.00_c+0.00_v2_r500_resam.txt    44.77822928597704       2.544433795508183     3.3955759275917234    3.922404239796014     4.579452702573639     4.980029802781396     5.5208278934595665    1.9204653103754015    1.7551716530224932    1.9421994225936603    2.88819533385742      2.3096492421776866    1.633911121641502     2.37715925977289      3.446253314471315     1.9570280655730452    
/home/drubin/koa_scratch/r500/m+0.00/bosz2024_ap_t15500_g+3.0_m+0.00_a+0.00_c+0.00_v2_r500_resam.txt    51.69460514651476       2.459716042560566     3.3349746625733445    3.8603645144123937    4.519742752908286     4.922513361429196     5.463303114185525     1.8321170120556673    1.6814027228282404    1.7509084724229296    2.820251970744094     2.2351994698284523    1.549371068151466     2.2975746145803315    3.3846863420434277    1.7430365620636568    
/home/drubin/koa_scratch/r500/m+0.00/bosz2024_ap_t15500_g+3.5_m+0.00_a+0.00_c+0.00_v2_r500_resam.txt    51.181964237480834      2.47072902591449      3.3428908027594946    3.868443831357387     4.528195645521094     4.930550848369284     5.471584034806515     1.8404126323453427    1.6861595151061475    1.7869336410836807    2.827923485417104     2.244609470414021     1.5538931659645772    2.3079822500802125    3.3929184936717616    1.7837593081621628    
/home/drubin/koa_scratch/r500/m+0.00/bosz2024_ap_t15500_g+4.0_m+0.00_a+0.00_c+0.00_v2_r500_resam.txt    50.94785166868565       2.4804325945152708    3.348659341421026     3.8748971712977247    4.534686168019245     4.93668750982708      5.477962239100589     1.848042579896037     1.6904234078590585    1.8093346292727128    2.8344260050773684    2.2509820362653903    1.5596983925312846    2.315869807603466     3.398989683971357     1.8078380297608143    
/home/drubin/koa_scratch/r500/m+0.00/bosz2024_ap_t15500_g+4.5_m+0.00_a+0.00_c+0.00_v2_r500_resam.txt    50.895617637138145      2.489282211878621     3.3531588608778025    3.8806783527046615    4.540190175379905     4.941978646221269     5.483478830129292     1.854991374578765     1.6938608268256474    1.823890803199105     2.8404148289648976    2.2553673143021915    1.565901128925239     2.3220411940092083    3.403779095878327     1.8214950642353456    
/home/drubin/koa_scratch/r500/m+0.00/bosz2024_ap_t15500_g+5.0_m+0.00_a+0.00_c+0.00_v2_r500_resam.txt    50.95107917463551       2.4976253973939984    3.356894775506945     3.8863656645893414    4.545244630471653     4.946980025389017     5.48862397487736      1.8616160555825028    1.6966155558751972    1.8338349090149786    2.8463931704113787    2.2585000957318337    1.5725571533292426    2.327060413216725     3.4077632111390157    1.828083218200311     
/home/drubin/koa_scratch/r500/m+0.00/bosz2024_ap_t16000_g+3.0_m+0.00_a+0.00_c+0.00_v2_r500_resam.txt    58.721261630163895      2.413612048772024     3.296374845146598     3.8246942658344993    4.486068653485561     4.889937147843131     5.431688439217886     1.772994548299264     1.62209599548801      1.645125194360392     2.778456906981352     2.183970185972567     1.4874873517972613    2.247780287049372     3.3463725135747744    1.615064473041941     
/home/drubin/koa_scratch/r500/m+0.00/bosz2024_ap_t16000_g+3.5_m+0.00_a+0.00_c+0.00_v2_r500_resam.txt    58.0506486499156        2.425900196852035     3.305477552995116     3.833822772669529     4.495417869927197     4.8988320109655605    5.440743100690924     1.7830624071117762    1.6286736132496695    1.684176224170866     2.7874408982600385    2.194947473051717     1.4938534822832163    2.259638562831146     3.3557620730801836    1.659222108171621     
/home/drubin/koa_scratch/r500/m+0.00/bosz2024_ap_t16000_g+4.0_m+0.00_a+0.00_c+0.00_v2_r500_resam.txt    57.7401320759571        2.4361055656450663    3.311743049846921     3.8406705810546526    4.50221883865707      4.905286496245277     5.4473995872330345    1.7916044591770086    1.6339347890648346    1.707902766643464     2.7945243495543193    2.2020822722223956    1.5006666893291691    2.268176395716198     3.3623034452526355    1.6850581546300414    
/home/drubin/koa_scratch/r500/m+0.00/bosz2024_ap_t16000_g+4.5_m+0.00_a+0.00_c+0.00_v2_r500_resam.txt    57.66544179428824       2.444940768316672     3.31632474412562      3.8464479560369442    4.507689839030428     4.91056387208314      5.452893513036111     1.7988645900994003    1.6377987121422064    1.7227170205430182    2.80061898034746      2.206707211683478     1.5072722123431623    2.274477105943405     3.3671516589611814    1.6995807324804062    
/home/drubin/koa_scratch/r500/m+0.00/bosz2024_ap_t16000_g+5.0_m+0.00_a+0.00_c+0.00_v2_r500_resam.txt    57.73414535000848       2.4528855937966414    3.3198597520757573    3.851853580015425     4.512495299477581     4.915333471003175     5.457822772413524     1.805332046643874     1.6405566086242827    1.732154332758622     2.8063451553638004    2.2096898975785373    1.5138366124261362    2.279240679390197     3.3709174669395177    1.7065601134801915    
/home/drubin/koa_scratch/r500/m+0.00/bosz2024_ap_t7500_g+2.0_m+0.00_a+0.00_c+0.00_v2_r500_resam.txt     2.82385449747838        3.7543744417032037    4.306083879318975     4.735824264460579     5.337769496561737     5.712432289919757     6.229180130504037     3.6061911220748732    3.5029235232840983    5.418600779048654     3.9437521336678754    3.7179767599371054    3.486656379522935     3.726583842103122     4.343459239530617     6.449807972618521     
/home/drubin/koa_scratch/r500/m+0.00/bosz2024_ap_t7500_g+2.5_m+0.00_a+0.00_c+0.00_v2_r500_resam.txt     2.823401861761185       3.758763147639687     4.289911332763526     4.721450022318265     5.327286160011572     5.702928923612704     6.221950752642789     3.6156849880172395    3.516743164339279     5.320882759353932     3.9399432573113673    3.7067618443014467    3.511873171304094     3.721595584740982     4.32742188833104      6.316276491974099     
/home/drubin/koa_scratch/r500/m+0.00/bosz2024_ap_t7500_g+3.0_m+0.00_a+0.00_c+0.00_v2_r500_resam.txt     2.82620806314479        3.759686367287083     4.2727660342812515    4.7075883164373       5.316960401467022     5.694042796441197     6.21519563186518      3.626739161514246     3.5335590536540096    5.210632718498628     3.9350452725975416    3.6934247164377867    3.54585152504973      3.7136000422906257    4.31027754172147      6.16709134509521      
/home/drubin/koa_scratch/r500/m+0.00/bosz2024_ap_t7500_g+3.5_m+0.00_a+0.00_c+0.00_v2_r500_resam.txt     2.8295442271090385      3.7627852855958883    4.257642795512686     4.6963669071855705    5.308219355981798     5.687167156059547     6.210020694924923     3.6409562165040747    3.554812361219226     5.099718429306025     3.933731395566957     3.685172736879714     3.581785179514111     3.7092990799761703    4.2948174551081095    6.0250201324816155    
/home/drubin/koa_scratch/r500/m+0.00/bosz2024_ap_t7500_g+4.0_m+0.00_a+0.00_c+0.00_v2_r500_resam.txt     2.834125759405811       3.76751176194798      4.244765423140916     4.687653259179779     5.301017352197691     5.682268735152386     6.20633078354775      3.6570073162496093    3.578533693963813     4.9912437489506525    3.935417107020371     3.681988816679409     3.616415789848841     3.708574775612989     4.2812402178956415    5.897322512874297     
/home/drubin/koa_scratch/r500/m+0.00/bosz2024_ap_t7500_g+4.5_m+0.00_a+0.00_c+0.00_v2_r500_resam.txt     2.8386697038066204      3.7720081154682132    4.233695846736135     4.68056801542987      5.294888662221105     5.678762274519342     6.20367360801399      3.673750171117373     3.603087134119529     4.886240598313027     3.938283492368866     3.6818475092395686    3.650368588198557     3.709580838686631     4.269192317305604     5.787457308485161     
/home/drubin/koa_scratch/r500/m+0.00/bosz2024_ap_t7500_g+5.0_m+0.00_a+0.00_c+0.00_v2_r500_resam.txt     2.8429346847109214      3.7752150239910827    4.224300241308769     4.674217988073268     5.289538444606659     5.6761460498224805    6.201774849987003     3.68965555089193      3.6266139995060493    4.78736489635311      3.941087192242447     3.683169709420395     3.6822203512951637    3.71106036554631      4.258666627020324     5.700461625822884     
/home/drubin/koa_scratch/r500/m+0.00/bosz2024_ap_t7750_g+2.0_m+0.00_a+0.00_c+0.00_v2_r500_resam.txt     3.2298173357854143      3.669447281933769     4.263423922545292     4.699716969509272     5.304551911592165     5.680144710801061     6.197644962865089     3.476510995615181     3.361361927645645     5.226869594365274     3.876549001494304     3.628237752612505     3.3267700666386397    3.6375632123020383    4.302318792275132     6.152415984065479     
/home/drubin/koa_scratch/r500/m+0.00/bosz2024_ap_t7750_g+2.5_m+0.00_a+0.00_c+0.00_v2_r500_resam.txt     3.226825730859473       3.675117200996896     4.249043846123519     4.686750014227308     5.295018824795371     5.671144452605045     6.190691660356402     3.484971917711312     3.3722631001174785    5.146154753501674     3.8731748869453586    3.618098602585534     3.3471338636308214    3.633958567320917     4.2882506613983615    6.043696984418419     
/home/drubin/koa_scratch/r500/m+0.00/bosz2024_ap_t7750_g+3.0_m+0.00_a+0.00_c+0.00_v2_r500_resam.txt     3.2273598624732505      3.679892854539891     4.234478394357625     4.674779517906122     5.285863563486494     5.662867845071881     6.184309974642604     3.4959664454470305    3.386907448218459     5.0531543843474305    3.8708219080593986    3.6078850551572312    3.374264880793822     3.6295566663054912    4.273794178865994     5.919971975737371     
/home/drubin/koa_scratch/r500/m+0.00/bosz2024_ap_t7750_g+3.5_m+0.00_a+0.00_c+0.00_v2_r500_resam.txt     3.230593482993849       3.6809737091783825    4.218299983652097     4.662836582550347     5.276492150907588     5.655026835789495     6.178210699988983     3.5087580728599606    3.4052748637225783    4.948615801968673     3.8670550380222584    3.5955553813187375    3.41061122320713      3.6220339808893227    4.257560308518777     5.782225168368126     
/home/drubin/koa_scratch/r500/m+0.00/bosz2024_ap_t7750_g+4.0_m+0.00_a+0.00_c+0.00_v2_r500_resam.txt     3.2352400657664906      3.6840185297227537    4.203677082553077     4.6529109327965825    5.268201761949506     5.648844021286509     6.173380697439694     3.5246344083121133    3.4284782708441752    4.842388872415274     3.866713772406714     3.588448640787803     3.4482315640840038    3.618206473825874     4.242477556172393     5.653118108780104     
/home/drubin/koa_scratch/r500/m+0.00/bosz2024_ap_t7750_g+4.5_m+0.00_a+0.00_c+0.00_v2_r500_resam.txt     3.2412764416647786      3.6881418263549737    4.1910949755039795    4.6450206339598115    5.261228495386494     5.644455273802558     6.169923058037163     3.5420932990451313    3.453857037659362     4.738153228374767     3.8688764291101396    3.586097648107315     3.4847342498304346    3.6176035113448695    4.229055484978058     5.539600828614288     
/home/drubin/koa_scratch/r500/m+0.00/bosz2024_ap_t7750_g+5.0_m+0.00_a+0.00_c+0.00_v2_r500_resam.txt     3.246609650145187       3.69162383285492      4.1803016311011225    4.638183228695017     5.2551761805277675    5.64125749038244      6.167412165644523     3.5598200954417223    3.4797325043679086    4.637342400081094     3.871782294675775     3.5864828651041307    3.52016671585853      3.6184690985022105    4.2171606427701605    5.445407201788904     
/home/drubin/koa_scratch/r500/m+0.00/bosz2024_ap_t8000_g+2.0_m+0.00_a+0.00_c+0.00_v2_r500_resam.txt     3.678481977127061       3.5910491137122063    4.221051814626652     4.663356399294629     5.2709605965199025    5.6475975830954015    6.165939484195882     3.3583527893588245    3.234304900343829     5.0306041501012135    3.8141751203492653    3.5443492961015695    3.1846850351404883    3.554596743697865     4.261128296977871     5.858289321716363     
/home/drubin/koa_scratch/r500/m+0.00/bosz2024_ap_t8000_g+2.5_m+0.00_a+0.00_c+0.00_v2_r500_resam.txt     3.673583925417886       3.5963099447157316    4.208085067128794     4.6515487172013374    5.262397538503142     5.639255082681542     6.159501404522337     3.3646845759372477    3.2414631889824816    4.966455278531494     3.809978353857203     3.5340987979312377    3.2000964782624273    3.5509819408277394    4.248671702697577     5.772767153549401     
/home/drubin/koa_scratch/r500/m+0.00/bosz2024_ap_t8000_g+3.0_m+0.00_a+0.00_c+0.00_v2_r500_resam.txt     3.6732649217015734      3.601823097799484     4.194778758528416     4.640478629772369     5.253869139984878     5.631223551616381     6.153243720917913     3.3741794153328386    3.2529399446358456    4.8875848080129405    3.8076785392258996    3.5240877509851556    3.222324050830703     3.5471754191206752    4.235643277755694     5.669074787554909     
/home/drubin/koa_scratch/r500/m+0.00/bosz2024_ap_t8000_g+3.5_m+0.00_a+0.00_c+0.00_v2_r500_resam.txt     3.676865165341479       3.605660313820157     4.180525613562974     4.629846246754695     5.2452487205087595    5.6236675664486775    6.147324159597625     3.3861389675997504    3.2684120664564444    4.797647958406299     3.805681367767964     3.513691830995955     3.251809691678582     3.5420402278245176    4.221446112302613     5.5526294842723765    
/home/drubin/koa_scratch/r500/m+0.00/bosz2024_ap_t8000_g+4.0_m+0.00_a+0.00_c+0.00_v2_r500_resam.txt     3.680084786454037       3.6069942844863956    4.16517474504554      4.619563886154558     5.236614636158908     5.616836465708653     6.14191612676401      3.400395667778068     3.2882560113283885    4.6983987406198       3.803253852427515     3.502834142142059     3.289543861395196     3.5352817839568678    4.205913804008658     5.427248679516438     
/home/drubin/koa_scratch/r500/m+0.00/bosz2024_ap_t8000_g+4.5_m+0.00_a+0.00_c+0.00_v2_r500_resam.txt     3.679650715654637       3.6104296024485283    4.1515111034856895    4.6111007563836495    5.228976417468447     5.61159246309917      6.137655874389939     3.419286239183361     3.3151346714894823    4.598110329156996     3.8044067469504212    3.4979135798619287    3.3307288930116785    3.5327583134777645    4.191609446592853     5.314095608290581     
/home/drubin/koa_scratch/r500/m+0.00/bosz2024_ap_t8000_g+5.0_m+0.00_a+0.00_c+0.00_v2_r500_resam.txt     3.6854463243483973      3.6137990468808923    4.139551652456721     4.603974136389989     5.22239321520458      5.607820828436184     6.134520160754192     3.438023033234447     3.3421131610016297    4.498941105418196     3.8069963588234055    3.4966496970576437    3.3688038151992794    3.532433855219838     4.178665802027729     5.215917693864175     
/home/drubin/koa_scratch/r500/m+0.00/bosz2024_ap_t8250_g+2.0_m+0.00_a+0.00_c+0.00_v2_r500_resam.txt     4.1740458758546835      3.5185536939022652    4.178498318445827     4.626422560489125     5.236611449698846     5.614376095625149     6.133405343223679     3.2518602135056174    3.12177151536855      4.828261704393656     3.756075890174391     3.4652917884665992    3.0606300898396013    3.4768136195943677    4.219448315458811     5.565693861233849     
/home/drubin/koa_scratch/r500/m+0.00/bosz2024_ap_t8250_g+2.5_m+0.00_a+0.00_c+0.00_v2_r500_resam.txt     4.166314611883271       3.523753221230403     4.167620835536278     4.616271947033937     5.229423244270082     5.607121768863696     6.12799185988727      3.25544226029809      3.124504392944401     4.78258862456175      3.751606514487164     3.4561402104860477    3.0692825891353155    3.474058145980149     4.209245064381191     5.505934410801406     
/home/drubin/koa_scratch/r500/m+0.00/bosz2024_ap_t8250_g+3.0_m+0.00_a+0.00_c+0.00_v2_r500_resam.txt     4.164809396741954       3.5289490967985593    4.155596370673619     4.606201081376477     5.22173662441773      5.599625067609919     6.122250600092839     3.262571628186952     3.1319658645848647    4.718514804107475     3.7485667954112163    3.445740832969482     3.0864503391582856    3.470093558415302     4.197687626931636     5.4222188181905135    
/home/drubin/koa_scratch/r500/m+0.00/bosz2024_ap_t8250_g+3.5_m+0.00_a+0.00_c+0.00_v2_r500_resam.txt     4.167727043795284       3.534144362331072     4.142936084407317     4.5967183025874725    5.213965161786023     5.592523873293223     6.116734431925083     3.273078600538591     3.14412879683901      4.643158173124801     3.74719330598242      3.436108054613141     3.11045950553283      3.466115574836763     4.185231682698455     5.325594939920734     
/home/drubin/koa_scratch/r500/m+0.00/bosz2024_ap_t8250_g+4.0_m+0.00_a+0.00_c+0.00_v2_r500_resam.txt     4.172393354728779       3.537102802855425     4.1289899995882635    4.587473947948842     5.2060111770042825    5.585952777473055     6.111511420753209     3.2860386740868774    3.1604806314086584    4.55739349154203      3.745652187364042     3.425857638859209     3.1424151238077878    3.460448224260913     4.1712545335443965    5.217157774522971     
/home/drubin/koa_scratch/r500/m+0.00/bosz2024_ap_t8250_g+4.5_m+0.00_a+0.00_c+0.00_v2_r500_resam.txt     4.1698800642097495      3.538213350924691     4.114110643548218     4.578481628668946     5.197995188680016     5.580106108164976     6.106729449112109     3.302611361644585     3.183500497905948     4.462443082999608     3.744283571860849     3.416379839028733     3.183349570049272     3.4542004818931513    4.156029754884287     5.103466295293927     
/home/drubin/koa_scratch/r500/m+0.00/bosz2024_ap_t8250_g+5.0_m+0.00_a+0.00_c+0.00_v2_r500_resam.txt     4.175608406330548       3.5404293732393866    4.1008127673201455    4.570881800070603     5.19083060547622      5.575658178512254     6.102962216129355     3.3210210626120142    3.2098429668904855    4.366128945712656     3.7456013787260694    3.412106680876374     3.222941561713201     3.451462164050155     4.1419456912665495    5.002496921279388     
/home/drubin/koa_scratch/r500/m+0.00/bosz2024_ap_t8500_g+2.0_m+0.00_a+0.00_c+0.00_v2_r500_resam.txt     4.722228255195653       3.451841090370773     4.135962261985348     4.589323574953382     5.202207371903029     5.581293163503275     6.100975316689178     3.157321619296028     3.0236555139421624    4.62658945897383      3.7020185815626805    3.390704507305138     2.9546970018746173    3.4040029011485204    4.177557965080544     5.282931493789035     
/home/drubin/koa_scratch/r500/m+0.00/bosz2024_ap_t8500_g+2.5_m+0.00_a+0.00_c+0.00_v2_r500_resam.txt     4.709670839801583       3.4570425529599005    4.1275801513981545    4.581076670810681     5.196421091339044     5.57508405286735      6.0963717797257715    3.157661751495289     3.021635393203497     4.597456225993727     3.6976598927906985    3.3836003207428162    2.9554787579125574    3.402654992039726     4.169961610010042     5.245721228780624     
/home/drubin/koa_scratch/r500/m+0.00/bosz2024_ap_t8500_g+3.0_m+0.00_a+0.00_c+0.00_v2_r500_resam.txt     4.703988560020312       3.4619341551716287    4.117126387463494     4.5721635299114025    5.189632456356039     5.568173550630284     6.09116998395816      3.1621261688243956    3.0249828953943285    4.547576289000089     3.6940683991692334    3.373428811599879     2.9668881163628082    3.398912436313992     4.16012669443354      5.180966833808725     
/home/drubin/koa_scratch/r500/m+0.00/bosz2024_ap_t8500_g+3.5_m+0.00_a+0.00_c+0.00_v2_r500_resam.txt     4.704602438034372       3.4667870975491226    4.105539116164567     4.563471645492338     5.182527270237011     5.56141871124005      6.086050071448352     3.1700463174865985    3.0328762717248816    4.485169486305437     3.6919454303139116    3.3630859699083473    2.98572503251421      3.3945433898365893    4.148927512395931     5.101042405715797     
/home/drubin/koa_scratch/r500/m+0.00/bosz2024_ap_t8500_g+4.0_m+0.00_a+0.00_c+0.00_v2_r500_resam.txt     4.7111529989831205      3.471239122448938     4.093130482596922     4.555270231292655     5.1753105211017845    5.555201717924709     6.081207060929947     3.181349788349197     3.045577177509547     4.413221955895611     3.6912329194247877    3.3537114813859166    3.01148688036962      3.39011205210758      4.136619234006089     5.011144977856322     
/home/drubin/koa_scratch/r500/m+0.00/bosz2024_ap_t8500_g+4.5_m+0.00_a+0.00_c+0.00_v2_r500_resam.txt     4.717795169557618       3.472384139182288     4.0789793223808495    4.546991757908791     5.167800345684689     5.5495181106397276    6.07662653506022      3.1943555666939485    3.0621642033600804    4.329831690321112     3.6894354485983207    3.3428140659258396    3.0451467872867486    3.383058099260369     4.122334361792962     4.9079967050749005    
/home/drubin/koa_scratch/r500/m+0.00/bosz2024_ap_t8500_g+5.0_m+0.00_a+0.00_c+0.00_v2_r500_resam.txt     4.72091735742371        3.4720743170776984    4.06412532290217      4.5388651470278685    5.160324465989704     5.544652505370344     6.072571732420915     3.210214928499231     3.0847825555644452    4.237352687097547     3.6881745334725964    3.333686180655746     3.0843189645698983    3.3762695384733785    4.106982576922994     4.803361833630946     
/home/drubin/koa_scratch/r500/m+0.00/bosz2024_ap_t8750_g+2.0_m+0.00_a+0.00_c+0.00_v2_r500_resam.txt     5.321221641089124       3.3905566823848936    4.093854728478582     4.552533520356663     5.168413935428006     5.549128696720232     6.069820881969595     3.073113059868098     2.9375182970673706    4.433417392479374     3.6515356035326283    3.320229745712291     2.8635853865519945    3.335892293086963     4.13595860793845      5.020592879261679     
/home/drubin/koa_scratch/r500/m+0.00/bosz2024_ap_t8750_g+2.5_m+0.00_a+0.00_c+0.00_v2_r500_resam.txt     5.305207348450229       3.396109163110226     4.08821666600815      4.546441822077195     5.164277149357959     5.544167632597014     6.066041349232128     3.07103318003324      2.931903649446678     4.4191913727934615    3.6478656613171383    3.3161114968569376    2.8577380276789635    3.3365871985123463    4.131168971821011     5.0016165218512825    
/home/drubin/koa_scratch/r500/m+0.00/bosz2024_ap_t8750_g+3.0_m+0.00_a+0.00_c+0.00_v2_r500_resam.txt     5.296218300367717       3.4009144457347547    4.079620042236138     4.538834740173654     5.158304590937548     5.5377016972096085    6.060978131245087     3.072857330426712     2.9313940908984595    4.380420268888801     3.6441968730883927    3.3070261824187015    2.863140924073402     3.3336320946932574    4.123281222866064     4.951467732129972     
/home/drubin/koa_scratch/r500/m+0.00/bosz2024_ap_t8750_g+3.5_m+0.00_a+0.00_c+0.00_v2_r500_resam.txt     5.294050097043219       3.405222920880176     4.069249031731615     4.530918868633253     5.1516450841063435    5.531032257821814     6.055826214043398     3.0777933295497877    2.934868481677118     4.328474032962325     3.64132908815302      3.2963302611533187    2.8762089847339976    3.3290118690246686    4.113434482940591     4.884972884496542     
/home/drubin/koa_scratch/r500/m+0.00/bosz2024_ap_t8750_g+4.0_m+0.00_a+0.00_c+0.00_v2_r500_resam.txt     5.298950793743584       3.409225091818733     4.057764285074773     4.523308934698146     5.144799779402915     5.524823972511913     6.051048601696411     3.0859897570438783    2.94271488833005      4.267433410125881     3.6398365659029923    3.285976885275468     2.896101880470821     3.3239494348091867    4.102226502591363     4.808320015271317     
/home/drubin/koa_scratch/r500/m+0.00/bosz2024_ap_t8750_g+4.5_m+0.00_a+0.00_c+0.00_v2_r500_resam.txt     5.309678892189133       3.4120794453129344    4.045128412476453     4.51598100735139      5.13785000965653      5.519301040455407     6.0467042315348625    3.0974577302164485    2.955568233534861     4.197193607592905     3.639139548451649     3.2761911508660595    2.923350314885522     3.3183163127454067    4.08956578094572      4.722569280795826     
/home/drubin/koa_scratch/r500/m+0.00/bosz2024_ap_t8750_g+5.0_m+0.00_a+0.00_c+0.00_v2_r500_resam.txt     5.314120868460389       3.4105962695435768    4.030236315184956     4.5081832274334435    5.130652832073914     5.514485895863838     6.042842236363458     3.1099845054210693    2.9724104406693783    4.113771462005053     3.6364685668232615    3.264005792630136     2.9583010960306844    3.3091823426328815    4.074427575038888     4.622342240178598     
/home/drubin/koa_scratch/r500/m+0.00/bosz2024_ap_t9000_g+2.0_m+0.00_a+0.00_c+0.00_v2_r500_resam.txt     5.970106757798912       3.3335437562867662    4.0522724619735975    4.516066214855861     5.135021346492588     5.517498747502208     6.039458885484076     2.9962692163961475    2.8597843461891297    4.247169970685018     3.6037599057299454    3.2529453403786524    2.7825022964928854    3.2714839040514225    4.094812634628732     4.7766404389144075    
/home/drubin/koa_scratch/r500/m+0.00/bosz2024_ap_t9000_g+2.5_m+0.00_a+0.00_c+0.00_v2_r500_resam.txt     5.953224379933738       3.339745733736654     4.0496966072347735    4.512584162679806     5.1331952681178645    5.5145517181211385    6.037346518331454     2.99245340268137      2.851230448115487     4.2506036396733755    3.6012492720481775    3.2525095164487134    2.7710657469296303    3.274724445557437     4.093117326603904     4.7763590620485825    
/home/drubin/koa_scratch/r500/m+0.00/bosz2024_ap_t9000_g+3.0_m+0.00_a+0.00_c+0.00_v2_r500_resam.txt     5.944234518274806       3.3449663578110442    4.043125068396832     4.506487575666577     5.128309003797181     5.508850620370593     6.03270461443975      2.992720995838345     2.8483214518442477    4.222337881945839     3.5980993706436006    3.245363747637012     2.772072912154906     3.2732225668633967    4.087304861871505     4.738755173210378     
/home/drubin/koa_scratch/r500/m+0.00/bosz2024_ap_t9000_g+3.5_m+0.00_a+0.00_c+0.00_v2_r500_resam.txt     5.93998838193146        3.3491480951568264    4.0341067919658       4.4994230542671145    5.122089399050394     5.502271818458969     6.027372576257232     2.995575449724601     2.8487481639061345    4.178469240088355     3.5950001397346343    3.2351548949901767    2.7806361452605035    3.2689984582617235    4.078890183178246     4.6825325406904375    
/home/drubin/koa_scratch/r500/m+0.00/bosz2024_ap_t9000_g+4.0_m+0.00_a+0.00_c+0.00_v2_r500_resam.txt     5.9423498827423025      3.3524854204247316    4.023439678795327     4.492217502361843     5.1153492313340685    5.495798390703907     6.022184640359013     3.000940269676911     2.8525299774061796    4.125077770526461     3.592649298359816     3.224030383941054     2.7953634376532355    3.263345692974591     4.068627635157547     4.6152569675673405    
/home/drubin/koa_scratch/r500/m+0.00/bosz2024_ap_t9000_g+4.5_m+0.00_a+0.00_c+0.00_v2_r500_resam.txt     5.949128389625607       3.355310692802594     4.011760933249612     4.485410598085395     5.1085536032715995    5.490013651309606     6.017539929635643     3.00982033209492      2.861058603552956     4.064387724581137     3.591592773827124     3.2136531662464       2.8172529625257865    3.2574397553832797    4.057069485259382     4.540941617890224     
/home/drubin/koa_scratch/r500/m+0.00/bosz2024_ap_t9000_g+5.0_m+0.00_a+0.00_c+0.00_v2_r500_resam.txt     5.962982675553359       3.355660728048611     3.9986191649368292    4.47865036744429      5.1017185987169835    5.485083358738748     6.013560692211323     3.0207005547963712    2.8735326788235334    3.9939960515203414    3.590231329530791     3.202739664955634     2.845705108058395     3.2498480177663955    4.043769939521255     4.4564841937243616    
/home/drubin/koa_scratch/r500/m+0.00/bosz2024_ap_t9250_g+2.0_m+0.00_a+0.00_c+0.00_v2_r500_resam.txt     6.670123705418679       3.2801186707171337    4.011395055517398     4.479902524258382     5.101667268003736     5.485851813897593     6.009120770116994     2.9250027765463567    2.7882662324507637    4.065280522197575     3.5582848827929645    3.1885787434486       2.70852226171083      3.2103479317162584    4.054321499089909     4.548115334871862     
/home/drubin/koa_scratch/r500/m+0.00/bosz2024_ap_t9250_g+2.5_m+0.00_a+0.00_c+0.00_v2_r500_resam.txt     6.652936978405219       3.28655750631143      4.011673689816656     4.479098290093615     5.102540197230434     5.485466610146805     6.009379437977662     2.91978543907776      2.777258118904115     4.087888457836588     3.5567554735658162    3.1915214248226667    2.6925762029866656    3.2157523729437103    4.055496847675265     4.565061113881248     
/home/drubin/koa_scratch/r500/m+0.00/bosz2024_ap_t9250_g+3.0_m+0.00_a+0.00_c+0.00_v2_r500_resam.txt     6.64204154715186        3.292965754643072     4.007564296792561     4.474984182303424     5.099356775932208     5.481218419177082     6.005948296419817     2.9198240933730935    2.773463074865819     4.072395685201657     3.554904799762182     3.187361100035635     2.690924025560438     3.2166041780310146    4.052173527896651     4.54126452667024      
/home/drubin/koa_scratch/r500/m+0.00/bosz2024_ap_t9250_g+3.5_m+0.00_a+0.00_c+0.00_v2_r500_resam.txt     6.636478153458875       3.297944664860717     4.000284902095162     4.46918045869936      5.094053776762619     5.475281392730597     6.0009812957263655    2.921994689394274     2.7725702903473315    4.037445101621709     3.552440783637691     3.178817156989426     2.696716180218592     3.213835408222719     4.04553637339084      4.49567389196745      
/home/drubin/koa_scratch/r500/m+0.00/bosz2024_ap_t9250_g+4.0_m+0.00_a+0.00_c+0.00_v2_r500_resam.txt     6.6380242485161975      3.3013032675877154    3.9907580876568653    4.462657896827501     5.087637341843943     5.468800431400229     5.995527778368537     2.925612957084068     2.773670089019555     3.9909744378760976    3.5499060924907644    3.1679555649740063    2.7076733879582733    3.2084843302423973    4.036489134688041     4.436848305081177     
/home/drubin/koa_scratch/r500/m+0.00/bosz2024_ap_t9250_g+4.5_m+0.00_a+0.00_c+0.00_v2_r500_resam.txt     6.648853934807909       3.303385343923016     3.979682097598061     4.456072994716627     5.080747744694255     5.462534724675412     5.990237695970439     2.931313303316187     2.7776275983721446    3.9365035820554932    3.547949405693876     3.1565133832421157    2.724026908906609     3.2017409689064773    4.025656917533308     4.369438855790634     
/home/drubin/koa_scratch/r500/m+0.00/bosz2024_ap_t9250_g+5.0_m+0.00_a+0.00_c+0.00_v2_r500_resam.txt     6.669310625168012       3.3039362028309704    3.967375321390069     4.449625253320822     5.073725967147515     5.456974421902377     5.985528548363438     2.939643885899361     2.7856600583171853    3.8743645064975873    3.546495981138999     3.14530797561615      2.7466464400754016    3.1941069506704887    4.013300596552999     4.2949855663000305    
/home/drubin/koa_scratch/r500/m+0.00/bosz2024_ap_t9500_g+2.0_m+0.00_a+0.00_c+0.00_v2_r500_resam.txt     7.425943764267226       3.2295137819098367    3.971217494635313     4.443977216778498     5.068212284786515     5.453966968644633     5.978489257057598     2.8579595919471625    2.7213358832277685    3.8877106559476955    3.5145851654567206    3.12683254721557      2.6396360075578884    3.1519857307398054    4.014508779753786     4.334134183986764     
/home/drubin/koa_scratch/r500/m+0.00/bosz2024_ap_t9500_g+2.5_m+0.00_a+0.00_c+0.00_v2_r500_resam.txt     7.405734348353145       3.2360391674265045    3.9740686117965742    4.445805193218978     5.071937568555169     5.456435539550607     5.981496943948956     2.85187072194872      2.7086406193339814    3.929016656915315     3.514006363015583     3.132758413451651     2.6204648665713832    3.1592298702965733    4.018243785753345     4.365460964626772     
/home/drubin/koa_scratch/r500/m+0.00/bosz2024_ap_t9500_g+3.0_m+0.00_a+0.00_c+0.00_v2_r500_resam.txt     7.393115116439973       3.2435161847216785    3.972442463992482     4.4438586113692145    5.070835132567023     5.454106045483488     5.9798230482239365    2.8518721895564476    2.704235657593995     3.9272682099509595    3.513492258887778     3.1316096022714497    2.616673903747904     3.1623795005686834    4.017422031973539     4.354533367737939     
/home/drubin/koa_scratch/r500/m+0.00/bosz2024_ap_t9500_g+3.5_m+0.00_a+0.00_c+0.00_v2_r500_resam.txt     7.38696679727376        3.2496325583243255    3.9671715577142335    4.4396396912793215    5.066900370931304     5.449319386049462     5.975822728927236     2.853909523229767     2.70266834403678      3.9024361277163573    3.5120810131521174    3.125283761056374     2.620407564643255     3.161508103179915     4.01282228316868      4.319744338881119     
/home/drubin/koa_scratch/r500/m+0.00/bosz2024_ap_t9500_g+4.0_m+0.00_a+0.00_c+0.00_v2_r500_resam.txt     7.387391021299904       3.253786222381146     3.95911259011505      4.434160404063704     5.061233292639365     5.443330366219127     5.970656043201121     2.856936226188953     2.7025095886811417    3.863655493276739     3.5100687248739155    3.1156645814291646    2.6290072155448057    3.1573505183395625    4.005286311042216     4.2698519005455795    
/home/drubin/koa_scratch/r500/m+0.00/bosz2024_ap_t9500_g+4.5_m+0.00_a+0.00_c+0.00_v2_r500_resam.txt     7.397629370400848       3.255981069877181     3.9489802625689983    4.4280958555431935    5.054544521287905     5.436960168295371     5.965064853938228     2.8610444685032       2.7039337175725118    3.8153286668217796    3.507983921709343     3.1043304098424542    2.641907832694328     3.150824184894787     3.995470113383019     4.209741602441083     
/home/drubin/koa_scratch/r500/m+0.00/bosz2024_ap_t9500_g+5.0_m+0.00_a+0.00_c+0.00_v2_r500_resam.txt     7.42053635538936        3.2562581387308       3.937276243108986     4.421853465547983     5.04735292720801      5.430847209093969     5.959642275514846     2.8668502896138213    2.7080460780707094    3.7591095316491865    3.506034533675155     3.0923936617126833    2.6598240204858365    3.1427038937591387    3.9838174819208145    4.141764005704888     
/home/drubin/koa_scratch/r500/m+0.00/bosz2024_ap_t9750_g+2.0_m+0.00_a+0.00_c+0.00_v2_r500_resam.txt     8.241742954990519       3.181455874726976     3.9321254574083806    4.408678975968192     5.035050155485835     5.422163570025365     5.947833177005584     2.794348761492838     2.6579196676497685    3.7177733982963796    3.4725979367813524    3.0680269497399686    2.5743444762452845    3.096482506982165     3.9757650468342383    4.13553094007936      
/home/drubin/koa_scratch/r500/m+0.00/bosz2024_ap_t9750_g+2.5_m+0.00_a+0.00_c+0.00_v2_r500_resam.txt     8.2174729210051         3.187529001518721     3.936746801460178     4.412565688477412     5.041223924352779     5.42724491896938      5.953440530994419     2.7875008453499497    2.643963812096708     3.773506697468083     3.4724575447286843    3.075657032702193     2.5530633670225944    3.10456601418927      3.9812509155307123    4.176300396119314     
/home/drubin/koa_scratch/r500/m+0.00/bosz2024_ap_t9750_g+3.0_m+0.00_a+0.00_c+0.00_v2_r500_resam.txt     8.20170378558532        3.195898587383561     3.937525760941571     4.412839703505438     5.042363889002408     5.42705533917008      5.953770276189509     2.78770976665686      2.6393123778135386    3.785183519048911     3.473271843461137     3.0773826041547885    2.5477921957142646    3.109827029801698     3.982835615055537     4.176427073322131     
/home/drubin/koa_scratch/r500/m+0.00/bosz2024_ap_t9750_g+3.5_m+0.00_a+0.00_c+0.00_v2_r500_resam.txt     8.193149282170177       3.203460482628904     3.934536344564026     4.410509455407529     5.040140150205056     5.423806931546482     5.9511712973777176    2.7901492782270814    2.637683863137261     3.771463543863203     3.473309265665732     3.0738139421768       2.5501534496769693    3.1112796468247765    3.980529942839213     4.152404181796209     
/home/drubin/koa_scratch/r500/m+0.00/bosz2024_ap_t9750_g+4.0_m+0.00_a+0.00_c+0.00_v2_r500_resam.txt     8.192331022179108       3.2088174772659754    3.9281840106319628    4.406339238335082     5.035590218045049     5.418747946845571     5.94680902437498      2.793265394185935     2.6371366381835837    3.7411656886139677    3.4722570015358696    3.0660362216541426    2.5572710051528604    3.108827846279958     3.974726873390714     4.111717264306348     
/home/drubin/koa_scratch/r500/m+0.00/bosz2024_ap_t9750_g+4.5_m+0.00_a+0.00_c+0.00_v2_r500_resam.txt     8.201652213294345       3.2117368032490763    3.919264863538107     4.401111139675506     5.0295228908082645    5.412771210094113     5.941478685890748     2.7967884893124184    2.6373139002352666    3.699595329375918     3.4705868097814694    3.055588739916642     2.5680226939887745    3.1032334807375856    3.9661742644703586    4.059318311684529     
/home/drubin/koa_scratch/r500/m+0.00/bosz2024_ap_t9750_g+5.0_m+0.00_a+0.00_c+0.00_v2_r500_resam.txt     8.223809602416813       3.212228757301019     3.9083610622619607    4.3953267275732095    5.022515378954284     5.406541921632012     5.9357777461549235    2.8011554536512655    2.6389866415146317    3.6491897917508798    3.4685786383760013    3.043617990755283     2.5828104355650154    3.0952490812127174    3.955395843900135     3.9978515579175005    
/home/drubin/koa_scratch/r500/m+0.00/bosz2024_mp_t2800_g+3.5_m+0.00_a+0.00_c+0.00_v2_r500_resam.txt     0.05604542810024136     7.696532289982901     6.749486542688825     6.8748776689269055    7.377075363288879     7.41163915838805      7.713748755037056     9.846957769688391     12.278580291004289    15.163621609432118    6.8963080439738444    8.922776414970867     12.537286987873346    8.440030870715997     6.719318039215855     21.113745325653277    
/home/drubin/koa_scratch/r500/m+0.00/bosz2024_mp_t2800_g+4.0_m+0.00_a+0.00_c+0.00_v2_r500_resam.txt     0.05565010600246521     7.68458741429201      6.753404185301614     6.878734805215193     7.370879262450725     7.402810140539699     7.734591639154786     9.824966057652137     12.229452117795594    15.458344403943382    6.9123935862577826    8.8957602666657       12.553023227368197    8.417953713381735     6.724673005324569     21.365430801785624    
/home/drubin/koa_scratch/r500/m+0.00/bosz2024_mp_t2800_g+4.5_m+0.00_a+0.00_c+0.00_v2_r500_resam.txt     0.055165968518941164    7.681131693077346     6.746527249373867     6.88762537604496      7.387981604121277     7.40532167080432      7.772128691330153     9.8526977760018       12.33670867687807     15.923246055850308    6.917953695732217     8.928443538643169     12.720321517586093    8.428370157112706     6.717779318747079     22.00261369620854     
/home/drubin/koa_scratch/r500/m+0.00/bosz2024_mp_t2800_g+5.0_m+0.00_a+0.00_c+0.00_v2_r500_resam.txt     0.054521949459410135    7.67786645196529      6.736707372795044     6.908077377393571     7.423388671307598     7.415448123467484     7.815417258016279     9.902355095565282     12.528461303814641    16.612630703809522    6.918699760254406     8.995613467960839     12.996395647387292    8.452374111218871     6.7080838932265845    22.890587142776297    
/home/drubin/koa_scratch/r500/m+0.00/bosz2024_mp_t2800_g+5.5_m+0.00_a+0.00_c+0.00_v2_r500_resam.txt     0.05340725555558949     7.675441888786829     6.730207561999984     6.949688310821266     7.492141222580994     7.435648270461716     7.8692080848208565    9.973937383763879     12.814803082035004    17.572339086681662    6.921296283949224     9.10255925321114      13.356112205091438    8.489939846802368     6.702114556859997     23.838908266644978    
/home/drubin/koa_scratch/r500/m+0.00/bosz2024_mp_t2900_g+3.5_m+0.00_a+0.00_c+0.00_v2_r500_resam.txt     0.06441077867347113     7.489995332117376     6.589401565137737     6.732259720407791     7.258614553107465     7.323685659884318     7.633380376615478     9.542815294762423     11.723257166754678    14.712089497353201    6.7593545274778215    8.604904033254599     11.99513509785577     8.17614806914369      6.5603237880181275    20.509125023091993    
/home/drubin/koa_scratch/r500/m+0.00/bosz2024_mp_t2900_g+4.0_m+0.00_a+0.00_c+0.00_v2_r500_resam.txt     0.06403687470572889     7.468608770607576     6.604476311742287     6.743109440993194     7.242576787146953     7.310625530696092     7.645843603394768     9.487854679392676     11.58663669234537     14.904574556343588    6.776584537108303     8.544408709279406     11.927715141203842    8.132017465181306     6.57852403395073      20.58214785864248     
/home/drubin/koa_scratch/r500/m+0.00/bosz2024_mp_t2900_g+4.5_m+0.00_a+0.00_c+0.00_v2_r500_resam.txt     0.06358849953167321     7.460579890053203     6.602668169117338     6.751158940199179     7.249104062559146     7.308512067513639     7.674653628504342     9.49264033453234      11.615769664049026    15.254669677509611    6.784540750254932     8.54775763903132      12.011374414161075    8.126522982811963     6.577359506000975     21.01261172695515     
/home/drubin/koa_scratch/r500/m+0.00/bosz2024_mp_t2900_g+5.0_m+0.00_a+0.00_c+0.00_v2_r500_resam.txt     0.0630041499912782      7.454243574764494     6.593992843701098     6.7659173916190465    7.273455822496173     7.313630085161151     7.713593462585946     9.529581458848899     11.753633649850796    15.797446538009186    6.785317656473241     8.589376693021975     12.211908319921719    8.139446687817752     6.569086335855764     21.794570374809158    
/home/drubin/koa_scratch/r500/m+0.00/bosz2024_mp_t2900_g+5.5_m+0.00_a+0.00_c+0.00_v2_r500_resam.txt     0.061901337534104366    7.450364726267104     6.586706925218241     6.797707370987745     7.330778437342056     7.329411447779672     7.765880120292087     9.599406118417068     12.0138697582148      16.59084045028085     6.785382922970829     8.675385786280588     12.524301033308138    8.171959685964739     6.562499420346105     22.81115057288786     
/home/drubin/koa_scratch/r500/m+0.00/bosz2024_mp_t3000_g+3.5_m+0.00_a+0.00_c+0.00_v2_r500_resam.txt     0.07363501114398592     7.304408501101643     6.433328012088959     6.586095341936654     7.148175381846489     7.238305843449209     7.5604177032058315    9.270799721449947     11.250561775065023    14.325055578340626    6.632339579392827     8.32681392133754      11.523613606161536    7.941240271399433     6.403690036012799     19.999325600825287    
/home/drubin/koa_scratch/r500/m+0.00/bosz2024_mp_t3000_g+4.0_m+0.00_a+0.00_c+0.00_v2_r500_resam.txt     0.07332956482601619     7.272116304268266     6.461318472592685     6.610565594004813     7.126253729485363     7.224079990663224     7.566387401314825     9.181869491301546     11.036155955937353    14.41964268443458     6.647758814201058     8.236329288164892     11.384113602149611    7.875277356170494     6.436818877661683     19.9142388555835      
/home/drubin/koa_scratch/r500/m+0.00/bosz2024_mp_t3000_g+4.5_m+0.00_a+0.00_c+0.00_v2_r500_resam.txt     0.0729398648930054      7.2592124771720155    6.467335669622582     6.622241956149915     7.123927190864153     7.218869621558669     7.587025806131825     9.159897948938848     10.988243502938085    14.667223514556145    6.657629931332632     8.21263916278121      11.39358730541485     7.8534704571046845    6.444401766927081     20.149842607359446    
/home/drubin/koa_scratch/r500/m+0.00/bosz2024_mp_t3000_g+5.0_m+0.00_a+0.00_c+0.00_v2_r500_resam.txt     0.07241515205178371     7.250538035819845     6.461990583316819     6.634480471266338     7.137979949318444     7.219667437986463     7.619315307229044     9.179135221621582     11.060425955535848    15.083795298636408    6.659853596219318     8.2297136144344       11.51928464130261     7.854185833182302     6.439783035775007     20.736343059414022    
/home/drubin/koa_scratch/r500/m+0.00/bosz2024_mp_t3000_g+5.5_m+0.00_a+0.00_c+0.00_v2_r500_resam.txt     0.07131458779965405     7.2451002094255665    6.455366995079844     6.659055740203053     7.1825993979469525    7.230539122900529     7.667831190205563     9.241056522857619     11.269744965778639    15.717213537070265    6.659066195157751     8.292516608037536     11.765386524474504    7.8780041583101585    6.434004365222039     21.68980017514553     
/home/drubin/koa_scratch/r500/m+0.00/bosz2024_mp_t3100_g+3.5_m+0.00_a+0.00_c+0.00_v2_r500_resam.txt     0.0837796776209305      7.137167279761842     6.28237246035982      6.435024348622998     7.038916248709397     7.15100030369981      7.492934744283603     9.02379027063246      10.83188223015982     13.995724889283345    6.515537862603496     8.078796818834661     11.1028925681714      7.72973025910007      6.250893982438686     19.571957367782176    
/home/drubin/koa_scratch/r500/m+0.00/bosz2024_mp_t3100_g+4.0_m+0.00_a+0.00_c+0.00_v2_r500_resam.txt     0.08356871717625912     7.093802576489294     6.3233645931292894    6.477808311814607     7.0172134245494355    7.140015213624645     7.494550770211701     8.905033291105477     10.560495501367663    14.001553242462892    6.526624979473034     7.964853064968302     10.909657127659955    7.6449633251909885    6.2991729544231       19.356784487815585    
/home/drubin/koa_scratch/r500/m+0.00/bosz2024_mp_t3100_g+4.5_m+0.00_a+0.00_c+0.00_v2_r500_resam.txt     0.08326543563997822     7.075910749687134     6.338978708098568     6.498338077207756     7.010121784189281     7.134634293268207     7.508902253271939     8.856568513864465     10.448094081774046    14.156878646354       6.53684871037973      7.918798897007283     10.860091117203192    7.608443403904609     6.317520663953623     19.422698360665066    
/home/drubin/koa_scratch/r500/m+0.00/bosz2024_mp_t3100_g+5.0_m+0.00_a+0.00_c+0.00_v2_r500_resam.txt     0.0828075994304482      7.065580598399938     6.339099157613485     6.511879790774228     7.016007107337691     7.132801056408913     7.534196434926233     8.855605320126159     10.457856800105134    14.466297243402028    6.540980507082608     7.91484779858882      10.922768321932118    7.597748298022524     6.318815121742999     19.806704734221448    
/home/drubin/koa_scratch/r500/m+0.00/bosz2024_mp_t3100_g+5.5_m+0.00_a+0.00_c+0.00_v2_r500_resam.txt     0.08169062175988573     7.059402456750865     6.33467040998172      6.532342052268966     7.04884972036978      7.139351495530569     7.576971480960076     8.905477583687702     10.609774967656438    14.96435665853699     6.540756623911575     7.956223490674925     11.106276931589829    7.612370952501394     6.315369924744952     20.594080118959734    
/home/drubin/koa_scratch/r500/m+0.00/bosz2024_mp_t3200_g+3.5_m+0.00_a+0.00_c+0.00_v2_r500_resam.txt     0.09495750436737237     6.986222974091586     6.136432913197913     6.280378668649373     6.924914641469828     7.058950563565278     7.429416305855954     8.793732341771575     10.440885642966535    13.713111892044733    6.408774023846469     7.853008845644462     10.713775847520798    7.536788977057903     6.101994645454919     19.20045310775997     
/home/drubin/koa_scratch/r500/m+0.00/bosz2024_mp_t3200_g+4.0_m+0.00_a+0.00_c+0.00_v2_r500_resam.txt     0.09480494428249915     6.931908861630234     6.191571406317164     6.343983978797416     6.909719123249344     7.054917567289813     7.428341082642809     8.65125796635227      10.135856930874551    13.639531876633288    6.4136616553085375    7.722152069824901     10.4856831272226      7.436769126991281     6.166911631392086     18.88706990590086     
/home/drubin/koa_scratch/r500/m+0.00/bosz2024_mp_t3200_g+4.5_m+0.00_a+0.00_c+0.00_v2_r500_resam.txt     0.09462806178585978     6.908825656284812     6.216644939156627     6.376974032870121     6.903405083602122     7.053217800897481     7.438389332244837     8.58024819988255      9.97876820614602      13.712680858307024    6.422280575024631     7.659525566086894     10.394578208235309    7.388309213588064     6.195929376609114     18.811871943099703    
/home/drubin/koa_scratch/r500/m+0.00/bosz2024_mp_t3200_g+5.0_m+0.00_a+0.00_c+0.00_v2_r500_resam.txt     0.09425754855474842     6.896995312931117     6.223611524777702     6.3957729813077036    6.904986932756186     7.051406762512979     7.457718192944452     8.559526241429165     9.93801980120393      13.929075282733432    6.427587995344477     7.638854490982615     10.408847780630385    7.367892450130346     6.204664810840624     19.015636563003824    
/home/drubin/koa_scratch/r500/m+0.00/bosz2024_mp_t3200_g+5.5_m+0.00_a+0.00_c+0.00_v2_r500_resam.txt     0.09313707041984208     6.890670962102377     6.222738388607509     6.415224375912424     6.92822291006364      7.054973864480475     7.493491328289446     8.593724534693203     10.033078743005198    14.310661825817931    6.4287090317801425    7.661135667550928     10.53561717710543     7.373385796059841     6.204969705555489     19.601833856528053    
/home/drubin/koa_scratch/r500/m+0.00/bosz2024_mp_t3300_g+3.5_m+0.00_a+0.00_c+0.00_v2_r500_resam.txt     0.1073055559396317      6.849814133482308     5.9957103299517165    6.125192048315849     6.802328576696135     6.961658879486702     7.369002941255529     8.571308265032107     10.054236467552467    13.470948031757892    6.3118952466066345    7.642206709906908     10.34168844226453     7.357710678645275     5.95754682384049      18.85231488083346     
/home/drubin/koa_scratch/r500/m+0.00/bosz2024_mp_t3300_g+4.0_m+0.00_a+0.00_c+0.00_v2_r500_resam.txt     0.10714112822877914     6.784408317048776     6.066614680144927     6.210690722494279     6.799046369723918     6.966591331377278     7.366352986469005     8.412108893919351     9.738967838391147     13.325057043609043    6.308927926319441     7.500446080343259     10.09605557213276     7.245831658452955     6.04093803062248      18.4744216230892      
/home/drubin/koa_scratch/r500/m+0.00/bosz2024_mp_t3300_g+4.5_m+0.00_a+0.00_c+0.00_v2_r500_resam.txt     0.10708571189265263     6.7563667368312395    6.100525218104544     6.257370763352777     6.799228430557579     6.97199800971231      7.373815616838414     8.325594255224786     9.560620919308857     13.325415682644818    6.314496544561839     7.42768326764679      9.981638352282461     7.189093350295991     6.080047273850094     18.290277183948856    
/home/drubin/koa_scratch/r500/m+0.00/bosz2024_mp_t3300_g+5.0_m+0.00_a+0.00_c+0.00_v2_r500_resam.txt     0.10683213534124379     6.74261402685268      6.114309514913928     6.284166546588393     6.80129944761485      6.9733943676622525    7.388710706268458     8.288938243991039     9.487124836798959     13.460332094646192    6.31937744737348      7.3950631027770015    9.962936320995574     7.161143465894061     6.096287039870529     18.34521280118724     
/home/drubin/koa_scratch/r500/m+0.00/bosz2024_mp_t3300_g+5.5_m+0.00_a+0.00_c+0.00_v2_r500_resam.txt     0.10570381012507356     6.736395930078391     6.11806589553276      6.305869903976383     6.818909267733232     6.976410624563149     7.418041504338588     8.307820000070622     9.536920129259178     13.743387007129916    6.321769853517811     7.402548876224793     10.04629211910604     7.159126432630414     6.101466476957106     18.74982173521068     
/home/drubin/koa_scratch/r500/m+0.00/bosz2024_mp_t3400_g+3.5_m+0.00_a+0.00_c+0.00_v2_r500_resam.txt     0.12089459855238031     6.722851027934082     5.864524787458708     5.977844998407157     6.6756554863749855    6.862511744796436     7.312858557037471     8.343308146917158     9.650639332144703     13.25664426221193     6.223364017048068     7.435804844849688     9.967580399362294     7.184095959497104     5.822857356828238     18.4784363521361      
/home/drubin/koa_scratch/r500/m+0.00/bosz2024_mp_t3400_g+4.0_m+0.00_a+0.00_c+0.00_v2_r500_resam.txt     0.12071322242468688     6.649736783844627     5.948218781991175     6.080510312897513     6.685467015721358     6.876193949448071     7.308845423407815     8.17960399164263      9.353539588669532     13.051271409498833    6.2125554492694555    7.293413221036982     9.729347205565542     7.067954921487345     5.920896362431432     18.077814032876795    
/home/drubin/koa_scratch/r500/m+0.00/bosz2024_mp_t3400_g+4.5_m+0.00_a+0.00_c+0.00_v2_r500_resam.txt     0.12072750973271783     6.616671116125645     5.991225399955922     6.140865899711639     6.694989262894432     6.889638785623314     7.314192600630566     8.085713101106979     9.17602535656934      12.98561387183234     6.213704213712127     7.216341116929353     9.607511986722555     7.006401183780204     5.970638268936855     17.823355925923824    
/home/drubin/koa_scratch/r500/m+0.00/bosz2024_mp_t3400_g+5.0_m+0.00_a+0.00_c+0.00_v2_r500_resam.txt     0.12059567646352083     6.600523280942118     6.010922693719529     6.176328288401326     6.701699820379351     6.896864393441452     7.3258894659465765    8.039474592964428     9.089140429436043     13.048921886498846    6.216621432966854     7.176932291658399     9.570761576437869     6.973627060866871     5.993508548791375     17.76525339670876     
/home/drubin/koa_scratch/r500/m+0.00/bosz2024_mp_t3400_g+5.5_m+0.00_a+0.00_c+0.00_v2_r500_resam.txt     0.11947450895181813     6.593760736492266     6.019223672208142     6.202352504787881     6.717911913553508     6.901949912603682     7.349880891778043     8.04619269671077      9.108876566339454     13.247558855256823    6.2190254403329845    7.173939204294126     9.623927873676553     6.965865225902412     6.003571339516142     18.026467516213373    
/home/drubin/koa_scratch/r500/m+0.00/bosz2024_mp_t3500_g+3.5_m+0.00_a+0.00_c+0.00_v2_r500_resam.txt     0.1358573162537696      6.59818555500922      5.747555021112558     5.847342953191587     6.55455698661764      6.767615259365327     7.261990134719676     8.10136059066322      9.2268491785014       13.035917329894728    6.1387347408733275    7.226648515074729     9.579269775126718     7.00861160941847      5.703516998867314     18.072528254794214    
/home/drubin/koa_scratch/r500/m+0.00/bosz2024_mp_t3500_g+4.0_m+0.00_a+0.00_c+0.00_v2_r500_resam.txt     0.13566871748905313     6.526249921408605     5.835246527946641     5.955485972152189     6.574445991326244     6.788276469389579     7.256782590690584     7.950307142312867     8.976676962981134     12.802547342980619    6.123815554796764     7.097964099494023     9.37978296673579      6.900668874961953     5.805436979393596     17.673636725562464    
/home/drubin/koa_scratch/r500/m+0.00/bosz2024_mp_t3500_g+4.5_m+0.00_a+0.00_c+0.00_v2_r500_resam.txt     0.13568158373454284     6.48795887033489      5.888730589383018     6.029635723535449     6.591532654553017     6.8072829333853395    7.259175743324074     7.854901779308455     8.81350994934145      12.677902241548917    6.1196731766833175    7.0201555743018185    9.261778070441046     6.83650396682533      5.867683380596306     17.379200649951375    
/home/drubin/koa_scratch/r500/m+0.00/bosz2024_mp_t3500_g+5.0_m+0.00_a+0.00_c+0.00_v2_r500_resam.txt     0.13564057263518742     6.4690874338016116    5.913436870316834     6.07272990377202      6.604367515663746     6.820725825225243     7.2679862471568075    7.806026266864302     8.729626415983153     12.67802413772537     6.11945312006383      6.978598319083346     9.218805787947952     6.801576285468301     5.896409407666047     17.2465290577503      
/home/drubin/koa_scratch/r500/m+0.00/bosz2024_mp_t3500_g+5.5_m+0.00_a+0.00_c+0.00_v2_r500_resam.txt     0.134548624181013       6.460766274880738     5.925469989631877     6.103451904348014     6.622231642100288     6.8299140188181795    7.287339121597576     7.805044894217671     8.733245899032893     12.801575142752723    6.120335067208672     6.969050681248516     9.251542192715924     6.789778270780794     5.9106205509538245    17.40582078523061     
/home/drubin/koa_scratch/r500/m+0.00/bosz2024_mp_t3600_g+3.5_m+0.00_a+0.00_c+0.00_v2_r500_resam.txt     0.1523030101863022      6.473883996847957     5.648000660167223     5.739646169457499     6.443214053835278     6.680399081594931     7.215910009213462     7.846377503856624     8.794938174752886     12.800121817457452    6.054999003546488     7.0164418922118195    9.18590887412136      6.83152033059362      5.603405039167456     17.643805304247078    
/home/drubin/koa_scratch/r500/m+0.00/bosz2024_mp_t3600_g+4.0_m+0.00_a+0.00_c+0.00_v2_r500_resam.txt     0.1521194100119536      6.412287198698011     5.725689165343491     5.837009938166568     6.470674572887734     6.706805598896582     7.211027653614103     7.727876231153807     8.619506637109254     12.572662465754554    6.039875023462057     6.915527010783665     9.050962954732846     6.744328185862112     5.692785830222712     17.275864834137693    
/home/drubin/koa_scratch/r500/m+0.00/bosz2024_mp_t3600_g+4.5_m+0.00_a+0.00_c+0.00_v2_r500_resam.txt     0.15205481183457223     6.368737541280569     5.791349884162918     5.924698251656778     6.492114887619149     6.728232841963902     7.20969432868399      7.632941228271736     8.474214477242358     12.40182667807385     6.031158174114336     6.837418347015445     8.94316817415197      6.677899900344584     5.76935839374035      16.951945457057846    
/home/drubin/koa_scratch/r500/m+0.00/bosz2024_mp_t3600_g+5.0_m+0.00_a+0.00_c+0.00_v2_r500_resam.txt     0.152031311659792       6.346769760815951     5.8216107387298655    5.974879115339656     6.509722697265323     6.745942695116632     7.215327602945103     7.585502443576358     8.401559517755501     12.349917971692046    6.027491685860577     6.795943669349599     8.901381990819411     6.642103415769391     5.8047669773522       16.77064356564801     
/home/drubin/koa_scratch/r500/m+0.00/bosz2024_mp_t3600_g+5.5_m+0.00_a+0.00_c+0.00_v2_r500_resam.txt     0.15095225210252727     6.33606357551217      5.836506848066366     6.009575346938822     6.530318545540096     6.759543466428211     7.230634140039274     7.581559762821639     8.401079894217375     12.41310162141561     6.025765174622095     6.783071101128144     8.923201419397076     6.6278638667172105    5.8223693009735635    16.863186872272188    
/home/drubin/koa_scratch/r500/m+0.00/bosz2024_mp_t3700_g+3.5_m+0.00_a+0.00_c+0.00_v2_r500_resam.txt     0.17032962676459915     6.351688052582847     5.564892073830031     5.654651436198003     6.343823849636603     6.6030006103721375    7.173046395619473     7.58765371664463      8.37814436358456      12.5342394291454      5.971560546423912     6.812199639682369     8.808416492536963     6.6579319756522395    5.521364858420302     17.199477735982327    
/home/drubin/koa_scratch/r500/m+0.00/bosz2024_mp_t3700_g+4.0_m+0.00_a+0.00_c+0.00_v2_r500_resam.txt     0.1701683742499991      6.30528343377174      5.620107007960779     5.727712163225705     6.374618469196822     6.63227142253959      7.169785781835632     7.5138082865616385    8.285829656134357     12.339073091502947    5.957756673148524     6.74560292117569      8.741144247944298     6.597865267751768     5.584396569813387     16.890351226302162    
/home/drubin/koa_scratch/r500/m+0.00/bosz2024_mp_t3700_g+4.5_m+0.00_a+0.00_c+0.00_v2_r500_resam.txt     0.16996352066494075     6.257753450605332     5.695842220368865     5.8245041274953815    6.398951481239852     6.6546263987079595    7.165112289154168     7.423263797022873     8.163514921080964     12.140333100353814    5.94619745269653      6.668895711214018     8.651360454642914     6.530769226352842     5.672290080801654     16.548241484605967    
/home/drubin/koa_scratch/r500/m+0.00/bosz2024_mp_t3700_g+5.0_m+0.00_a+0.00_c+0.00_v2_r500_resam.txt     0.16987887794905246     6.231970083689655     5.734024432667953     5.882984596079391     6.419181721638464     6.674077424022791     7.1671637005486035    7.377017024528321     8.101218041277166     12.045846307271301    5.939560396755961     6.626817820258729     8.611782611495366     6.4934065656691855    5.717122531782227     16.329269499252984    
/home/drubin/koa_scratch/r500/m+0.00/bosz2024_mp_t3700_g+5.5_m+0.00_a+0.00_c+0.00_v2_r500_resam.txt     0.16878397802501086     6.218551558064533     5.7519820333591065    5.920959472476049     6.441748916227764     6.690820121153635     7.178472612598941     7.37217100329167      8.101396008914447     12.061015752609205    5.935203694551541     6.612181480997375     8.627037142627636     6.477545341912382     5.738466651944978     16.374127242546866    
/home/drubin/koa_scratch/r500/m+0.00/bosz2024_mp_t3800_g+3.5_m+0.00_a+0.00_c+0.00_v2_r500_resam.txt     0.1899428568490204      6.233752150507809     5.493590144807754     5.587591428189063     6.257750065518543     6.536720685698367     7.132538928789099     7.338977789862719     8.000938507762207     12.234839485540192    5.888503107176888     6.621418247510714     8.465777426771773     6.493639129983119     5.452110961671136     16.760060346473022    
/home/drubin/koa_scratch/r500/m+0.00/bosz2024_mp_t3800_g+4.0_m+0.00_a+0.00_c+0.00_v2_r500_resam.txt     0.18981598957252754     6.201590355357126     5.523267159785343     5.632980840415552     6.286421988668818     6.564336564160498     7.131292244022988     7.305899688463567     7.9726361527306135    12.084453919676115    5.875598609693005     6.584597878659789     8.445503453456364     6.457826814390922     5.486140101408445     16.51351185535647     
/home/drubin/koa_scratch/r500/m+0.00/bosz2024_mp_t3800_g+4.5_m+0.00_a+0.00_c+0.00_v2_r500_resam.txt     0.18947318788065481     6.1537258162930435    5.599281168680915     5.727132383862315     6.31259283327034      6.587219982281206     7.124741854767713     7.229133816857459     7.884419616790255     11.884683743436366    5.8629699189893225    6.5151473708995145    8.384802871377273     6.395199548628613     5.573614105509929     16.177456186106472    
/home/drubin/koa_scratch/r500/m+0.00/bosz2024_mp_t3800_g+5.0_m+0.00_a+0.00_c+0.00_v2_r500_resam.txt     0.1892602012954805      6.123206262058862     5.648275323621718     5.795865405225252     6.33429259587153      6.60672047416681      7.123059885982937     7.1820656291314915    7.829013761216709     11.756532732607337    5.854105816145846     6.470618908466673     8.347126995994945     6.354716306980429     5.630979384523571     15.923672457817656    
/home/drubin/koa_scratch/r500/m+0.00/bosz2024_mp_t3800_g+5.5_m+0.00_a+0.00_c+0.00_v2_r500_resam.txt     0.18810757831314898     6.107129595378378     5.671125397362365     5.837913903673707     6.357414479984271     6.624706023185029     7.130391965091039     7.175505955413696     7.828955468453062     11.734874161257402    5.848074680410066     6.453995708413619     8.356907969280522     6.33705108452302      5.65811723358947      15.924327594501825    
/home/drubin/koa_scratch/r500/m+0.00/bosz2024_mp_t3900_g+3.5_m+0.00_a+0.00_c+0.00_v2_r500_resam.txt     0.21104419766968882     6.119770438349137     5.429294835271273     5.533101813437793     6.185091536212983     6.481095679662915     7.093657032434137     7.110798536178331     7.675299110104765     11.900636807612532    5.805122051240587     6.4473499685932145    8.163315959076883     6.34090480714404      5.390432340957288     16.343952757969735    
/home/drubin/koa_scratch/r500/m+0.00/bosz2024_mp_t3900_g+4.0_m+0.00_a+0.00_c+0.00_v2_r500_resam.txt     0.21102519985960821     6.097667430328747     5.439793871975117     5.556742091048847     6.207243098867482     6.503192447846953     7.094096332451367     7.10271547246811      7.679003866091555     11.795065850599782    5.792697501426716     6.429030725989575     8.163059002584722     6.320817091991894     5.403158820313058     16.1414920251119      
/home/drubin/koa_scratch/r500/m+0.00/bosz2024_mp_t3900_g+4.5_m+0.00_a+0.00_c+0.00_v2_r500_resam.txt     0.21061878497449807     6.054938089623168     5.502355457188106     5.633826819863272     6.232731029020012     6.525666526285926     7.087704592229046     7.04914305889209      7.631409158487078     11.626169468116247    5.780450638697573     6.374070524529238     8.13625125196502      6.269389174934629     5.474581783703206     15.836501445198838    
/home/drubin/koa_scratch/r500/m+0.00/bosz2024_mp_t3900_g+5.0_m+0.00_a+0.00_c+0.00_v2_r500_resam.txt     0.2102416396111113      6.0195236793725275    5.561897539791233     5.71134980813695      6.255620063314753     6.544581548346096     7.082559959527916     7.00172622016595      7.5836914112665585    11.47635120921766     5.7700573268333795    6.3268297727639755    8.103746410947243     6.225514663806439     5.543775145996635     15.554134659141       
/home/drubin/koa_scratch/r500/m+0.00/bosz2024_mp_t3900_g+5.5_m+0.00_a+0.00_c+0.00_v2_r500_resam.txt     0.20897908471273077     6.000696332843268     5.59246671675041      5.759733150657032     6.278609458514478     6.5624055165913395    7.0860065334016085    6.991589051747359     7.58113005641449      11.426488449701802    5.763410696588799     6.307178409672111     8.108426787367101     6.205232326217098     5.5797951424854055    15.507421512112264    
/home/drubin/koa_scratch/r500/m+0.00/bosz2024_mp_t4000_g+3.5_m+0.00_a+0.00_c+0.00_v2_r500_resam.txt     0.23359690445510292     6.007777598954669     5.369045583941833     5.4871409135643585    6.124754061486249     6.434367446947672     7.055144837085946     6.905745998830492     7.397798936669683     11.5271562121725      5.720504353463534     6.288603051367434     7.894194382000965     6.198436068290331     5.333238562795275     15.945152018608857    
/home/drubin/koa_scratch/r500/m+0.00/bosz2024_mp_t4000_g+4.0_m+0.00_a+0.00_c+0.00_v2_r500_resam.txt     0.23378605356017745     5.992148251225489     5.369634046596232     5.49768234236357      6.138344035695206     6.449450551570241     7.05668383022509      6.906740999689638     7.408829510768031     11.459892965298685    5.709456061818196     6.278435275517883     7.897623946723815     6.186129512318929     5.335004089554691     15.767304701582374    
/home/drubin/koa_scratch/r500/m+0.00/bosz2024_mp_t4000_g+4.5_m+0.00_a+0.00_c+0.00_v2_r500_resam.txt     0.23347699398321678     5.958622995782178     5.409621082929112     5.549092743064401     6.159624283260077     6.46950287651915      7.052310240947415     6.878260869943846     7.395155504327993     11.344286077152084    5.697908025194323     6.2412346126404294    7.896236633532699     6.149609075913122     5.380632816263381     15.51149879740936     
/home/drubin/koa_scratch/r500/m+0.00/bosz2024_mp_t4000_g+5.0_m+0.00_a+0.00_c+0.00_v2_r500_resam.txt     0.23296381969194513     5.920159800079644     5.473451094146709     5.6279112815077825    6.182847023837955     6.487445626475077     7.044535543015451     6.8347381432199406    7.360352662402736     11.194636895984534    5.686826327725317     6.193943457640025     7.875788402611441     6.104682206653055     5.454117941476316     15.214797496058694    
/home/drubin/koa_scratch/r500/m+0.00/bosz2024_mp_t4000_g+5.5_m+0.00_a+0.00_c+0.00_v2_r500_resam.txt     0.2315216265206906      5.898306748507558     5.514191808939866     5.6846766785329805    6.205796420944571     6.504440287743537     7.04405663530377      6.820101611881841     7.3548298870580116    11.123308262742732    5.680265123061979     6.17056756506059      7.8769135328648465    6.081132507976611     5.5016030096618005    15.116995761965622    
/home/drubin/koa_scratch/r500/m+0.00/bosz2024_mp_t4250_g+3.5_m+0.00_a+0.00_c+0.00_v2_r500_resam.txt     0.2968432485630727      5.732439394565593     5.229227842759389     5.393203124506087     6.013172764487507     6.342541481460642     6.962679042194223     6.474638966350286     6.84769925310234      10.519388980383063    5.5061716089598365    5.940132724297782     7.315234790011129     5.874806596035712     5.2023032755474405    14.818329735059447    
/home/drubin/koa_scratch/r500/m+0.00/bosz2024_mp_t4250_g+4.0_m+0.00_a+0.00_c+0.00_v2_r500_resam.txt     0.297391809390239       5.7266939558014744    5.225955334143832     5.392924872349311     6.010896244701618     6.34611755587799      6.965452455203909     6.474368489103569     6.850946044498518     10.50361372338283     5.501846269129461     5.935096856757892     7.317730563440802     5.869553213106214     5.1991057070469315    14.714593606351974    
/home/drubin/koa_scratch/r500/m+0.00/bosz2024_mp_t4250_g+4.5_m+0.00_a+0.00_c+0.00_v2_r500_resam.txt     0.2978350912295066      5.715133707777693     5.2267467867703585    5.398535260045345     6.0129691132308345    6.3530127949119555    6.967458536374603     6.4726494202016305    6.857040862301599     10.512672101134072    5.494050585728344     5.924525627294155     7.327131458817599     5.858567864566102     5.2009749598332515    14.611921721228654    
/home/drubin/koa_scratch/r500/m+0.00/bosz2024_mp_t4250_g+5.0_m+0.00_a+0.00_c+0.00_v2_r500_resam.txt     0.2975768950667164      5.68649253611476      5.259183932483711     5.43872864783613      6.02671385847453      6.365292461081041     6.9616294926066615    6.456911080123594     6.860416065190991     10.47653313570482     5.483531113773487     5.89545665898914      7.341984595936932     5.8292270116429705    5.238169354019701     14.403669598087108    
/home/drubin/koa_scratch/r500/m+0.00/bosz2024_mp_t4500_g+3.5_m+0.00_a+0.00_c+0.00_v2_r500_resam.txt     0.3718973609918697      5.4745790862452655    5.10403309489173      5.3134979811119525    5.9276840973781795    6.267191825736587     6.874041672173961     6.113460523350178     6.405720029721683     9.59696820255422      5.302935602921089     5.637771258969744     6.819958059207685     5.5870627664393115    5.086260951645255     13.349707019936893    
/home/drubin/koa_scratch/r500/m+0.00/bosz2024_mp_t4500_g+4.0_m+0.00_a+0.00_c+0.00_v2_r500_resam.txt     0.3725699103493736      5.47280560873454      5.100981145561603     5.311260165740347     5.921935910953099     6.267852111734872     6.877092058414604     6.112198023585707     6.405685646636523     9.568554760458515     5.301785225723872     5.635278813337025     6.820371949083156     5.584930726730352     5.082853095236494     13.315041897597954    
/home/drubin/koa_scratch/r500/m+0.00/bosz2024_mp_t4500_g+4.5_m+0.00_a+0.00_c+0.00_v2_r500_resam.txt     0.3733271519426031      5.46808229501123      5.097952584550741     5.309310189690689     5.916178629816016     6.268460239665385     6.879979356124471     6.110050045031793     6.406832997463798     9.581214226260702     5.298038579631231     5.629455173164867     6.8259607576073105    5.579612117412218     5.079991974787692     13.325038497089247    
/home/drubin/koa_scratch/r500/m+0.00/bosz2024_mp_t4500_g+5.0_m+0.00_a+0.00_c+0.00_v2_r500_resam.txt     0.3739560637539017      5.458438603411069     5.098113556133441     5.311728396849973     5.912259551174087     6.270064444499265     6.881623232279735     6.106810376694776     6.410922768504662     9.633989602098314     5.291300336764929     5.618610552381581     6.839324526988252     5.569238356984943     5.081205243938745     13.349837009338286    
/home/drubin/koa_scratch/r500/m+0.00/bosz2024_mp_t4750_g+3.5_m+0.00_a+0.00_c+0.00_v2_r500_resam.txt     0.4601855917596203      5.243111181203459     4.992274578386474     5.241093587611028     5.851635634584777     6.199635910382027     6.791321937792406     5.796206056260809     6.026551560173878     8.841426427068939     5.120258690941761     5.370796873957997     6.392129580312142     5.331502803129595     4.982687429732912     12.052605700785818    
/home/drubin/koa_scratch/r500/m+0.00/bosz2024_mp_t4750_g+4.0_m+0.00_a+0.00_c+0.00_v2_r500_resam.txt     0.4610582807488393      5.242929529316536     4.989455941712844     5.238397595534535     5.846063134493137     6.199653098381429     6.794351997122941     5.794965986619268     6.024888031094111     8.80079377821158      5.120160672928554     5.369986835964292     6.389543688026762     5.331014837458258     4.979402252842269     11.990482858040966    
/home/drubin/koa_scratch/r500/m+0.00/bosz2024_mp_t4750_g+4.5_m+0.00_a+0.00_c+0.00_v2_r500_resam.txt     0.4621238493423917      5.240011498057297     4.986350343659506     5.2352845823602685    5.839799134711986     6.198927647472931     6.797087170160989     5.7922832584398485    6.023422620936866     8.790606600121018     5.117704198299967     5.365877963379146     6.390551184397343     5.327468023478142     4.97623575577537      11.978005077223933    
/home/drubin/koa_scratch/r500/m+0.00/bosz2024_mp_t4750_g+5.0_m+0.00_a+0.00_c+0.00_v2_r500_resam.txt     0.4631272691128306      5.234434271230661     4.983223399121034     5.2322198847984005    5.833056717636299     6.197617680388108     6.799175414305897     5.788925778076591     6.023440519038388     8.817915086739236     5.113033209391082     5.358678647801788     6.397144274028083     5.32100507255997      4.973486837891191     12.021709728860086    
/home/drubin/koa_scratch/r500/m+0.00/bosz2024_mp_t5000_g+3.5_m+0.00_a+0.00_c+0.00_v2_r500_resam.txt     0.5628969912328848      5.037571550956185     4.891571601536356     5.1740225444942265    5.780769701009446     6.137778118463838     6.714321909073936     5.514041814009452     5.695295845671754     8.191946514625064     4.957926420966762     5.134774344935175     6.01762851609601      5.105194518694093     4.888873388735668     11.031007742959034    
/home/drubin/koa_scratch/r500/m+0.00/bosz2024_mp_t5000_g+4.0_m+0.00_a+0.00_c+0.00_v2_r500_resam.txt     0.5640525837709195      5.0377226131080155    4.8889152602940005    5.171157202662369     5.776284787916998     6.137446629531978     6.717465459074187     5.512623426044544     5.692604755861557     8.152646158861037     4.957876667713452     5.134356087943476     6.014042618755853     5.105007445194339     4.885821337297629     10.963963703942996    
/home/drubin/koa_scratch/r500/m+0.00/bosz2024_mp_t5000_g+4.5_m+0.00_a+0.00_c+0.00_v2_r500_resam.txt     0.5654680213964377      5.035527217718449     4.885888596206183     5.167660632929597     5.770918345075131     6.136325764662553     6.720297410170794     5.509690514382783     5.68939895233718      8.134158153816223     4.955843154283867     5.131109178024702     6.012225196082675     5.102231667681648     4.882687314717539     10.922882274128735    
/home/drubin/koa_scratch/r500/m+0.00/bosz2024_mp_t5000_g+5.0_m+0.00_a+0.00_c+0.00_v2_r500_resam.txt     0.5669440708369164      5.030830818674942     4.882538976744877     5.163614686989475     5.764785341719195     6.134356916859871     6.722298565939138     5.505639585946734     5.686583867085931     8.14177816822116      4.951723620555446     5.124945723245061     6.013770511313431     5.096743020352688     4.879573434201852     10.918194577210569    
/home/drubin/koa_scratch/r500/m+0.00/bosz2024_mp_t5250_g+3.5_m+0.00_a+0.00_c+0.00_v2_r500_resam.txt     0.6821095640041934      4.854748596927874     4.80020935343927      5.111352149358675     5.713721165053524     6.0802803229975595    6.641794836064022     5.259756273479532     5.39986881723539      7.622527446850844     4.813121464037256     4.925091300070815     5.681402093401768     4.903997152759968     4.803314058989142     10.149940490313618    
/home/drubin/koa_scratch/r500/m+0.00/bosz2024_mp_t5250_g+4.0_m+0.00_a+0.00_c+0.00_v2_r500_resam.txt     0.6835453630317012      4.854473271654451     4.79741774633811      5.108358688861493     5.7107028717335915    6.079631497561957     6.644869994659585     5.258402368124733     5.39761687179058      7.58317046014888      4.8126815715170705    4.924267318017731     5.679344484377676     4.903338952982798     4.800203820206809     10.092905480348865    
/home/drubin/koa_scratch/r500/m+0.00/bosz2024_mp_t5250_g+4.5_m+0.00_a+0.00_c+0.00_v2_r500_resam.txt     0.6853021224592916      4.852114165782457     4.794327931441717     5.104648588146397     5.706639971227956     6.078226136637803     6.6478007616422286    5.255328974621011     5.393847258213119     7.561882637366621     4.810462461456654     4.920968577014228     5.677330604759446     4.900410898636194     4.797041701472276     10.056632419983751    
/home/drubin/koa_scratch/r500/m+0.00/bosz2024_mp_t5250_g+5.0_m+0.00_a+0.00_c+0.00_v2_r500_resam.txt     0.6871943369696378      4.847592729925076     4.790924682103436     5.100163787124977     5.701572832335636     6.075986642722255     6.650045280427839     5.250901089441465     5.389442853394916     7.5610889142037365    4.806425249288986     4.915130114306326     5.676610572680078     4.89514652826159      4.793839341258344     10.040836883180011    
/home/drubin/koa_scratch/r500/m+0.00/bosz2024_mp_t5500_g+3.5_m+0.00_a+0.00_c+0.00_v2_r500_resam.txt     0.8196350592195879      4.690907774515957     4.717114483191158     5.052603645583996     5.651759275124261     6.0262478652519835    6.5743761511023795    5.027929142651447     5.132398327631112     7.1343121097218285    4.682700193915536     4.737098252555575     5.3755971631316815    4.723539097777682     4.725324458502914     9.388842486010917     
/home/drubin/koa_scratch/r500/m+0.00/bosz2024_mp_t5500_g+4.0_m+0.00_a+0.00_c+0.00_v2_r500_resam.txt     0.8216929596459575      4.6901121083209185    4.713814220623477     5.049357557262722     5.649598626998882     6.025313217276907     6.576703299821508     5.026900858569547     5.131333821245493     7.0860294530962875    4.681916053396681     4.735762748730384     5.37567512891849      4.722328375360445     4.721689727355413     9.329431322791912     
/home/drubin/koa_scratch/r500/m+0.00/bosz2024_mp_t5500_g+4.5_m+0.00_a+0.00_c+0.00_v2_r500_resam.txt     0.8237907887277641      4.68744613506902      4.710451485939025     5.0454866921364765    5.646552237092122     6.023718404312353     6.579192054859975     5.024283705588907     5.128495740086026     7.057582378242264     4.679544070760332     4.732312522790589     5.3752825471603085    4.719149455430275     4.718223734975063     9.295174697227191     
/home/drubin/koa_scratch/r500/m+0.00/bosz2024_mp_t5500_g+5.0_m+0.00_a+0.00_c+0.00_v2_r500_resam.txt     0.8261328159677879      4.6825525466088465    4.706829898838168     5.040691680964802     5.642369887970885     6.021229530019669     6.581278770390844     5.019769508662607     5.123776356325588     7.049066865768547     4.675270067943493     4.726274087030971     5.374449923374148     4.713580654375437     4.714779023491994     9.283688449865707     
/home/drubin/koa_scratch/r500/m+0.00/bosz2024_mp_t5750_g+3.5_m+0.00_a+0.00_c+0.00_v2_r500_resam.txt     0.977476540851553       4.541747000751105     4.641076998394399     4.9973868111326       5.595957795489341     5.974959625766434     6.5124937458938525    4.813966019389827     4.887436051035283     6.720544468249219     4.56342222773257      4.565946597514008     5.095234165123731     4.559152785786341     4.653980407304857     8.736923606376125     
/home/drubin/koa_scratch/r500/m+0.00/bosz2024_mp_t5750_g+4.0_m+0.00_a+0.00_c+0.00_v2_r500_resam.txt     0.9801416204415404      4.541288501153156     4.6371788831236245    4.993858417333002     5.593843049215592     5.973931994955786     6.513961596787983     4.8142889229261785    4.888647698984566     6.66027070099241      4.562948999092039     4.564968480583797     5.098325010353747     4.558265289146992     4.64962544275371      8.66703553800816      
/home/drubin/koa_scratch/r500/m+0.00/bosz2024_mp_t5750_g+4.5_m+0.00_a+0.00_c+0.00_v2_r500_resam.txt     0.9829837446111747      4.5386157353471415    4.63331211470428      4.989737737842979     5.591021031141463     5.972204055113091     6.515427235366146     4.812485827780292     4.887277502855719     6.619331165032744     4.560678747795922     4.561624984847137     5.099841162502658     4.5551186298747846    4.645544335145134     8.62585852002031      
/home/drubin/koa_scratch/r500/m+0.00/bosz2024_mp_t5750_g+5.0_m+0.00_a+0.00_c+0.00_v2_r500_resam.txt     0.9858922520812675      4.53355353690455      4.629355550907021     4.98468815316437      5.587212695202508     5.969575738917888     6.516656142451894     4.808555620391399     4.883552837227875     6.59913902271512      4.556429605873548     4.555633335809528     5.100284480027664     4.549484897148555     4.641667092460953     8.612208902515459     
/home/drubin/koa_scratch/r500/m+0.00/bosz2024_mp_t6000_g+3.5_m+0.00_a+0.00_c+0.00_v2_r500_resam.txt     1.1565180242589193      4.405340006439574     4.5716239622019845    4.945740286388776     5.545585529691378     5.926458563315833     6.456222768879423     4.615998860644065     4.662345664483779     6.372317542998952     4.453947092227596     4.4096648579613404    4.837574227856964     4.408910388997962     4.588857136261884     8.179404478427594     
/home/drubin/koa_scratch/r500/m+0.00/bosz2024_mp_t6000_g+4.0_m+0.00_a+0.00_c+0.00_v2_r500_resam.txt     1.160105293035003       4.405381616314713     4.566833805248727     4.941752877282744     5.543036131840859     5.925241084246697     6.45692031989975      4.617953315151886     4.666128474630449     6.299271539562127     4.453854342125366     4.409022688850099     4.844124513634513     4.408383290819535     4.583472770273252     8.096752879274899     
/home/drubin/koa_scratch/r500/m+0.00/bosz2024_mp_t6000_g+4.5_m+0.00_a+0.00_c+0.00_v2_r500_resam.txt     1.1639509049925256      4.403176260339706     4.56230976722831      4.937340366841351     5.540023068268893     5.9234446138597985    6.457388298809979     4.617588919756156     4.666968945575924     6.244282320700925     4.452019437008251     4.406201542906899     4.848324751007956     4.405706894392887     4.578575165175095     8.044272849510818     
/home/drubin/koa_scratch/r500/m+0.00/bosz2024_mp_t6000_g+5.0_m+0.00_a+0.00_c+0.00_v2_r500_resam.txt     1.1680104078122353      4.398349193414386     4.557799599437185     4.931987476344552     5.536159642780243     5.920766909559273     6.457474118093856     4.614584093538837     4.664659752511059     6.209138645626139     4.448085691073613     4.400627717056378     4.850220155718448     4.400389240892056     4.573977757832331     8.021085535377017     
/home/drubin/koa_scratch/r500/m+0.00/bosz2024_mp_t6250_g+3.5_m+0.00_a+0.00_c+0.00_v2_r500_resam.txt     1.3583896316652166      4.279828960992019     4.508207073913486     4.897561816259222     5.49935181791386      5.880747703647139     6.405367143500672     4.431631840084462     4.453436465073785     6.0796861702626535    4.352909336095015     4.266301284770879     4.598760081362676     4.270928673246183     4.529460010958683     7.698252539647009     
/home/drubin/koa_scratch/r500/m+0.00/bosz2024_mp_t6250_g+4.0_m+0.00_a+0.00_c+0.00_v2_r500_resam.txt     1.3629501376878095      4.280625174923762     4.5022839794055605    4.892978490243257     5.49620462883076      5.879232173973285     6.405361125827753     4.435694486773122     4.460464760236387     5.994306945728582     4.353310376877196     4.266009805705803     4.6094793055155305    4.270856950714014     4.5228049369931185    7.604191521058264     
/home/drubin/koa_scratch/r500/m+0.00/bosz2024_mp_t6250_g+4.5_m+0.00_a+0.00_c+0.00_v2_r500_resam.txt     1.367987192372681       4.279150885239722     4.496909660191975     4.88820260153779      5.492820406220208     5.877318877984571     6.40509745417937      4.437277615014907     4.46420856669727      5.925439122079361     4.352088991200759     4.263840691679441     4.617221651082356     4.268812483285621     4.516876339434754     7.539746040036378     
/home/drubin/koa_scratch/r500/m+0.00/bosz2024_mp_t6250_g+5.0_m+0.00_a+0.00_c+0.00_v2_r500_resam.txt     1.3735620681201892      4.274867933709484     4.491726859439357     4.882528865138646     5.48873659856808      5.874596675748923     6.404299806372993     4.4357877480551995    4.464170225023589     5.874758159290758     4.348692038145529     4.258937015783379     4.621640416561278     4.26407751341693      4.511410357531824     7.504508841679597     
/home/drubin/koa_scratch/r500/m+0.00/bosz2024_mp_t6500_g+3.5_m+0.00_a+0.00_c+0.00_v2_r500_resam.txt     1.586209939880769       4.1631332153850895    4.450068033337798     4.852495218571428     5.45635644603025      5.8375993581646215    6.3598486008854085    4.257997964079109     4.256631234972562     5.832409831821039     4.258713137521731     4.133599410683057     4.37460600036132      4.143043486401795     4.47507107046996      7.2795799139997435    
/home/drubin/koa_scratch/r500/m+0.00/bosz2024_mp_t6500_g+4.0_m+0.00_a+0.00_c+0.00_v2_r500_resam.txt     1.5910810639032742      4.1651854205690695    4.442971573432681     4.847312136701355     5.452592603773848     5.835769816019694     6.359157695584452     4.264993192855019     4.2679425517693215    5.736660043766259     4.259934861154083     4.133926601612028     4.39062804755338      4.143769906571413     4.467119827478733     7.175144340148275     
/home/drubin/koa_scratch/r500/m+0.00/bosz2024_mp_t6500_g+4.5_m+0.00_a+0.00_c+0.00_v2_r500_resam.txt     1.5969831043947615      4.164855227559377     4.436636830686443     4.842179269431095     5.448799930660958     5.833727657932145     6.35830563062693      4.269302631560009     4.275659358344905     5.655087868809387     4.259607047060772     4.132672022026431     4.403077978864568     4.142659541148224     4.460049398409235     7.099230125389221     
/home/drubin/koa_scratch/r500/m+0.00/bosz2024_mp_t6500_g+5.0_m+0.00_a+0.00_c+0.00_v2_r500_resam.txt     1.6040402815736852      4.161539905312006     4.430688560756745     4.836248218442244     5.444502739585419     5.8310138406073095    6.356971780974146     4.270095330532724     4.278928967283814     5.589675984139237     4.257072683341596     4.128798916722388     4.41117027705809      4.138869657830655     4.453601982622171     7.052054302404185     
/home/drubin/koa_scratch/r500/m+0.00/bosz2024_mp_t6750_g+3.5_m+0.00_a+0.00_c+0.00_v2_r500_resam.txt     1.8433487355862113      4.0538117102227735    4.396573083737123     4.810213529476415     5.416096695592152     5.796817510961006     6.318513044679466     4.093209993649709     4.069459590033439     5.620329524967225     4.170244855393635     4.010003790058697     4.162522581706191     4.023759302318        4.42506638530832      6.9118620613466515    
/home/drubin/koa_scratch/r500/m+0.00/bosz2024_mp_t6750_g+4.0_m+0.00_a+0.00_c+0.00_v2_r500_resam.txt     1.847991395208529       4.057228334409365     4.388205157771537     4.804344506616403     5.411644117529165     5.794543646851309     6.317200610198417     4.103342264318651     4.085240062052692     5.517116479206322     4.172292907610466     4.010704236244877     4.18411871178249      4.025160842575389     4.415770249925403     6.799038479234477     
/home/drubin/koa_scratch/r500/m+0.00/bosz2024_mp_t6750_g+4.5_m+0.00_a+0.00_c+0.00_v2_r500_resam.txt     1.854110143862864       4.0584309552692766    4.380859016076627     4.798878526503293     5.4074360902599174    5.792378753801964     6.3159317389387475    4.111012829951642     4.09766157502118      5.42512752233621      4.173123538658143     4.010545504985158     4.202071400684394     4.025229514363213     4.407529490037531     6.712284693140232     
/home/drubin/koa_scratch/r500/m+0.00/bosz2024_mp_t6750_g+5.0_m+0.00_a+0.00_c+0.00_v2_r500_resam.txt     1.862028573038437       4.056593469309199     4.374129913191736     4.79282948216156      5.402954701488199     5.789746782297513     6.314302969380135     4.115021877236035     4.10544699748303      5.346748337075726     4.171831708328937     4.008138880629756     4.2151752307274215    4.022830893372145     4.400083040594167     6.653399942591483     
/home/drubin/koa_scratch/r500/m+0.00/bosz2024_mp_t7000_g+3.5_m+0.00_a+0.00_c+0.00_v2_r500_resam.txt     2.131854213742093       3.951468246535445     4.347337537531905     4.770564646468313     5.3784084753828045    5.758444105748735     6.280211419574863     3.93676124628413      3.891434188243764     5.434049040270354     4.087232421134855     3.895102049152313     3.961513226746101     3.912677614546401     4.379023445804338     6.587568954550937     
/home/drubin/koa_scratch/r500/m+0.00/bosz2024_mp_t7000_g+4.0_m+0.00_a+0.00_c+0.00_v2_r500_resam.txt     2.1363706232248303      3.9559053061665432    4.33754914223911      4.763850962660618     5.373109502227712     5.755458669709839     6.278201457679793     3.9495575318768825    3.9109266155100757    5.326444474909117     4.089725773199383     3.895432709579837     3.988132174725254     3.914163465257885     4.368306927715374     6.46762593473092      
/home/drubin/koa_scratch/r500/m+0.00/bosz2024_mp_t7000_g+4.5_m+0.00_a+0.00_c+0.00_v2_r500_resam.txt     2.1424657362893123      3.9585422597814683    4.329055315418753     4.757958389479925     5.368360919210086     5.75301597443536      6.276529177231591     3.9605672031825434    3.9279405847986797    5.227035947212246     4.091576351146573     3.8959524360849427    4.011656313539929     3.915094500637034     4.358820013451764     6.371150003672785     
/home/drubin/koa_scratch/r500/m+0.00/bosz2024_mp_t7000_g+5.0_m+0.00_a+0.00_c+0.00_v2_r500_resam.txt     2.150557929646179       3.958454881096483     4.321500823291061     4.751867697169577     5.363687226079842     5.750474166120286     6.274779566711958     3.9683155843491718    3.940804439760094     5.1384810522934785    4.091731550295759     3.895107151170007     4.030498308532015     3.9142280441515673    4.350359123646064     6.3011700899050656    
/home/drubin/koa_scratch/r500/m+0.00/bosz2024_mp_t7250_g+3.5_m+0.00_a+0.00_c+0.00_v2_r500_resam.txt     2.453547375523472       3.8559382374678233    4.301894052793356     4.7332827493765235    5.343075587357363     5.722436802550044     6.2444818609050365    3.7883987540935866    3.7224898345369346    5.265371390945667     4.00956818505814      3.7886858061443256    3.7709370528628257    3.809593494265882     4.3364359975045765    6.298243441919858     
/home/drubin/koa_scratch/r500/m+0.00/bosz2024_mp_t7250_g+4.0_m+0.00_a+0.00_c+0.00_v2_r500_resam.txt     2.458217005728708       3.860828947071311     4.290585553475074     4.725595304358446     5.336806306746228     5.718501334288673     6.241597936255258     3.803136039795553     3.744623306790441     5.156235721955424     4.011962600297236     3.787708350634922     3.801815094008323     3.810367283687444     4.32428271961175      6.1734675264114225    
/home/drubin/koa_scratch/r500/m+0.00/bosz2024_mp_t7250_g+4.5_m+0.00_a+0.00_c+0.00_v2_r500_resam.txt     2.46429066473536        3.8645513121414083    4.280836591120665     4.719158575033508     5.331391355373366     5.71555303750981      6.239408870906466     3.8170492748297007    3.765531484086119     5.052707948404036     4.014481553872543     3.788202436955816     3.8304273289261532    3.811586808231331     4.31351768068969      6.069035429103766     
/home/drubin/koa_scratch/r500/m+0.00/bosz2024_mp_t7250_g+5.0_m+0.00_a+0.00_c+0.00_v2_r500_resam.txt     2.472268262973769       3.8660468399630905    4.272342760052486     4.712981234981773     5.326390840677905     5.712944147473441     6.237466546515188     3.8284734195182306    3.7832844233375966    4.957154282197311     4.015919236616506     3.7884691212455817    3.8550560457599117    3.8118946629833568    4.303985995003216     5.988631272471638     
/home/drubin/koa_scratch/r500/m+0.00/bosz2024_mp_t7500_g+3.5_m+0.00_a+0.00_c+0.00_v2_r500_resam.txt     2.8114687428515492      3.76710608707153      4.259734855075182     4.698036738067218     5.309740534587996     5.688548561871646     6.210948630246622     3.6478460383108624    3.5626551139451124    5.107749217968303     3.9372568098653984    3.690570305328777     3.5898861675824323    3.714316880924261     4.296769212927298     6.035613456753825     
/home/drubin/koa_scratch/r500/m+0.00/bosz2024_mp_t7500_g+4.0_m+0.00_a+0.00_c+0.00_v2_r500_resam.txt     2.8158405291894857      3.7717761039035476    4.246918234704473     4.6893507006606026    5.302515495779529     5.683548500356203     6.207109121475165     3.6638771722483483    3.586374611768985     4.999773626821296     3.938889237145043     3.6873484419398457    3.6246597841724815    3.713558896541395     4.283263144771624     5.90870737403705      
/home/drubin/koa_scratch/r500/m+0.00/bosz2024_mp_t7500_g+4.5_m+0.00_a+0.00_c+0.00_v2_r500_resam.txt     2.821676931043789       3.776136616205891     4.235891635220679     4.682317958743506     5.296368179719451     5.67992266955038      6.204258941806653     3.6800726112387547    3.6102180752461406    4.895170727590883     3.941633857994409     3.6870092857593018    3.6577019934960613    3.714399736855789     4.2712755409813425    5.798804191494006     
/home/drubin/koa_scratch/r500/m+0.00/bosz2024_mp_t7500_g+5.0_m+0.00_a+0.00_c+0.00_v2_r500_resam.txt     2.8295376232192173      3.7788138893491907    4.2263287755223615    4.675935467457486     5.290893214920342     5.677034812482308     6.201963287991518     3.694655763104453     3.6320738154811263    4.795759709161024     3.9439768028049427    3.687640209941257     3.6875541956052604    3.7152538890672107    4.260617384071754     5.709946652710479     
/home/drubin/koa_scratch/r500/m+0.00/bosz2024_mp_t7750_g+3.5_m+0.00_a+0.00_c+0.00_v2_r500_resam.txt     3.2102543907556367      3.6855360494576717    4.220528549662787     4.664522095874417     5.277946210539108     5.65636320709282      6.179160637803828     3.5154747139721954    3.4128739495830915    4.956623081127695     3.870838710201202     3.601260868901356     3.417542580419979     3.6273363763181754    4.259637450095785     5.794279375054417     
/home/drubin/koa_scratch/r500/m+0.00/bosz2024_mp_t7750_g+4.0_m+0.00_a+0.00_c+0.00_v2_r500_resam.txt     3.2124321173786803      3.688820276305327     4.206224529304798     4.654891391349336     5.269909398957907     5.650365000532293     6.174432858187435     3.531899244621594     3.4365661586782483    4.85209298227616      3.870660311247878     3.594437975658656     3.4564094834803916    3.6237962745702905    4.244885877704059     5.666758484562955     
/home/drubin/koa_scratch/r500/m+0.00/bosz2024_mp_t7750_g+4.5_m+0.00_a+0.00_c+0.00_v2_r500_resam.txt     3.2173076714035025      3.693139245640053     4.193900549965598     4.647212422949522     5.263046748336977     5.645970609002697     6.170866941116827     3.549588638814921     3.4621887781981755    4.748970513146194     3.872978323174361     3.5922999355496414    3.493265683418876     3.62341553831404      4.231732031170665     5.554027118046485     
/home/drubin/koa_scratch/r500/m+0.00/bosz2024_mp_t7750_g+5.0_m+0.00_a+0.00_c+0.00_v2_r500_resam.txt     3.225016048209873       3.696486184706671     4.183169400564553     4.640520699416513     5.2570350495600575    5.642657844309275     6.168112614942498     3.566592180453484     3.487081133941569     4.648497943350301     3.875735403453691     3.5924171566845637    3.527529141581825     3.624071084221473     4.219930119316777     5.45891539299901      
/home/drubin/koa_scratch/r500/m+0.00/bosz2024_mp_t8000_g+3.5_m+0.00_a+0.00_c+0.00_v2_r500_resam.txt     3.6532644506683876      3.6100552061473214    4.182914826927343     4.631723262119572     5.246795735001415     5.625045457682065     6.1482804335692185    3.3924608922012762    3.2753072172283835    4.8060100558264764    3.809344871720825     3.519185960104722     3.2583667424738705    3.547157231123803     4.223710167915143     5.564747637484832     
/home/drubin/koa_scratch/r500/m+0.00/bosz2024_mp_t8000_g+4.0_m+0.00_a+0.00_c+0.00_v2_r500_resam.txt     3.6534449015569037      3.6123699309246247    4.1681633530267845    4.621879090655004     5.238535266315686     5.618540234321192     6.143125233489922     3.4077243843906557    3.2961996568007503    4.709336692108099     3.8077276666909716    3.509506447296042     3.2967648497634543    3.5415247753503736    4.208753143617038     5.443059097174091     
/home/drubin/koa_scratch/r500/m+0.00/bosz2024_mp_t8000_g+4.5_m+0.00_a+0.00_c+0.00_v2_r500_resam.txt     3.65560905120123        3.6155559273685487    4.15450952909951      4.6135697154219155    5.231115429982637     5.61345599498088      6.1389576100505625    3.4256825002157854    3.3217521150373557    4.609881943231816     3.808584865250576     3.5041500894386877    3.336892306862993     3.538653381260979     4.1944961318323895    5.328995807521274     
/home/drubin/koa_scratch/r500/m+0.00/bosz2024_mp_t8000_g+5.0_m+0.00_a+0.00_c+0.00_v2_r500_resam.txt     3.6615902773467455      3.6190276610653322    4.142654769622021     4.606584732911832     5.224617370594258     5.609669243977777     6.135728037715307     3.444400360956614     3.3486576305965747    4.511077984012955     3.811227381831695     3.5029106040674334    3.374954214034116     3.538390681810055     4.1816701461986545    5.230307692072592     
/home/drubin/koa_scratch/r500/m+0.00/bosz2024_ms_t2800_g+0.0_m+0.00_a+0.00_c+0.00_v2_r500_resam.txt     0.05453811307760628     8.597260968956018     6.527757356630847     6.5110782251678225    7.459210722039126     7.353766199083008     7.738919391763125     11.130331521868895    14.447493967615259    16.720544623844518    7.110977383212614     10.401170983966049    14.722518155747773    9.628077970633681     6.452480679137001     23.498389157786654    
/home/drubin/koa_scratch/r500/m+0.00/bosz2024_ms_t2800_g+0.5_m+0.00_a+0.00_c+0.00_v2_r500_resam.txt     0.05611385607798976     8.377485513700123     6.520455714179977     6.5471139145576975    7.4474711774668725    7.378220896220365     7.718168696269737     10.848051766227085    14.013159387733154    16.25618040340063     7.037565406612688     10.077724008804829    14.241363767423811    9.35742304194766      6.4469209656315805    22.916048098877614    
/home/drubin/koa_scratch/r500/m+0.00/bosz2024_ms_t2800_g+1.0_m+0.00_a+0.00_c+0.00_v2_r500_resam.txt     0.05719972513963886     8.188635308765825     6.528705135269236     6.600650657660374     7.4581522424369435    7.4126521173684505    7.710124666910464     10.612050582932515    13.693889713694542    15.824633225402835    6.9713366789174005    9.809498029372664     13.841272396604298    9.128973491718826     6.456872888970074     22.3957919454592      
/home/drubin/koa_scratch/r500/m+0.00/bosz2024_ms_t2800_g+1.5_m+0.00_a+0.00_c+0.00_v2_r500_resam.txt     0.05795773375750192     8.031005361947008     6.54815493379021      6.66284026172331      7.477567161508599     7.448311165195543     7.71191651057999      10.420698548488875    13.46453114004171     15.43368586036334     6.912287752639411     9.593551067465983     13.515876218119033    8.94179494708572      6.478407250695344     21.95419020658313     
/home/drubin/koa_scratch/r500/m+0.00/bosz2024_ms_t2800_g+2.0_m+0.00_a+0.00_c+0.00_v2_r500_resam.txt     0.05847874917552993     7.906991716115782     6.574591891526915     6.725638280295415     7.492656421950218     7.476434781873257     7.720556188081334     10.270231719703682    13.280034030916894    15.11525826966131     6.862098618958084     9.425216373541573     13.256597518529958    8.795196379260279     6.507944801802382     21.614752580047263    
/home/drubin/koa_scratch/r500/m+0.00/bosz2024_ms_t2800_g+2.5_m+0.00_a+0.00_c+0.00_v2_r500_resam.txt     0.05858992429250113     7.808215460612598     6.612347674707685     6.78155870363333      7.4745560479605055    7.475096423701089     7.722810853856461     10.121445159999102    12.996897510852612    14.96356131729939     6.83524955497779      9.251927111143045     13.000800593889002    8.660341015862713     6.553349163983091     21.36738992800865     
/home/drubin/koa_scratch/r500/m+0.00/bosz2024_ms_t2800_g+3.0_m+0.00_a+0.00_c+0.00_v2_r500_resam.txt     0.057718042620546806    7.705999836607238     6.6922649267434835    6.838619543472415     7.405702880338528     7.42888314834687      7.703692472528044     9.91534202483803      12.504637542564605    14.937461591590003    6.847364770778823     9.006943248211858     12.645057308749706    8.488239750339066     6.654489468057103     21.10142639584408     
/home/drubin/koa_scratch/r500/m+0.00/bosz2024_ms_t2900_g+0.0_m+0.00_a+0.00_c+0.00_v2_r500_resam.txt     0.0623561880773143      8.412697112784537     6.368026829490764     6.323701992120166     7.263922955865696     7.192557106639588     7.662943854527795     10.907530681618159    14.061255156656474    16.55042648946065     6.991114727250475     10.16140253850007     14.380111163708087    9.415418805241567     6.297643001825522     23.24504268513152     
/home/drubin/koa_scratch/r500/m+0.00/bosz2024_ms_t2900_g+0.5_m+0.00_a+0.00_c+0.00_v2_r500_resam.txt     0.0639731056201311      8.206228049222513     6.359974711248403     6.3582001154196535    7.261082157371033     7.224530617473819     7.641426191637997     10.625022324931091    13.597497476067122    16.096221064740817    6.926383938587652     9.832902659741915     13.88528736398873     9.150924300028585     6.290561647415588     22.65864305165515     
/home/drubin/koa_scratch/r500/m+0.00/bosz2024_ms_t2900_g+1.0_m+0.00_a+0.00_c+0.00_v2_r500_resam.txt     0.0651084256539532      8.025301413809778     6.365118557266735     6.41015258242499      7.28085570831437      7.267145923320792     7.631466402488901     10.382086620325538    13.231044124504       15.671490990941276    6.866320217156816     9.553774926229714     13.460033245753761    8.922355021743797     6.296778107101138     22.125030105730165    
/home/drubin/koa_scratch/r500/m+0.00/bosz2024_ms_t2900_g+1.5_m+0.00_a+0.00_c+0.00_v2_r500_resam.txt     0.06591779776781617     7.868413274540083     6.381036912619922     6.472755192458867     7.310743905993892     7.3127360223762325    7.631111121965101     10.177547511030468    12.950433804834969    15.27963103976438     6.810906318868197     9.320663658459598     13.10142119555579     8.727705648485552     6.314218104556344     21.655859993047105    
/home/drubin/koa_scratch/r500/m+0.00/bosz2024_ms_t2900_g+2.0_m+0.00_a+0.00_c+0.00_v2_r500_resam.txt     0.06650099043786965     7.738341397234119     6.404673173781019     6.539074987214368     7.339340007032197     7.353585991866021     7.638333647583623     10.012225518840644    12.735716245275261    14.939383917824841    6.761179767167242     9.13405579193893      12.811545013715866    8.569075772613141     6.340214314827998     21.27653567966466     
/home/drubin/koa_scratch/r500/m+0.00/bosz2024_ms_t2900_g+2.5_m+0.00_a+0.00_c+0.00_v2_r500_resam.txt     0.06682712024016002     7.635534721010697     6.435915018325947     6.601802167578146     7.3462210534166585    7.374777287021573     7.646154946468502     9.868351240488652     12.500096125526195    14.716398144611539    6.724679931843818     8.972324564641909     12.560282214171277    8.436459045001337     6.376275461415228     20.991706334427146    
/home/drubin/koa_scratch/r500/m+0.00/bosz2024_ms_t2900_g+3.0_m+0.00_a+0.00_c+0.00_v2_r500_resam.txt     0.06614571838531354     7.525224001024675     6.515040746412762     6.673923686322501     7.29495803210824      7.3442154440214       7.6314911396272045    9.660651178188234     12.045138978600429    14.611545482064688    6.72063860679396      8.736287464535309     12.201389292155138    8.26240333737631      6.4741757207977795    20.668366780019486    
/home/drubin/koa_scratch/r500/m+0.00/bosz2024_ms_t3000_g+0.0_m+0.00_a+0.00_c+0.00_v2_r500_resam.txt     0.07119832594195578     8.19537905057348      6.222689550910613     6.150670670465271     7.057544753505999     7.031353259564548     7.590101381505683     10.647937273474504    13.692906054766265    16.358783827444856    6.865826349000647     9.875609668275573     14.002098417689947    9.163219144101738     6.157292175264278     22.9570678146737      
/home/drubin/koa_scratch/r500/m+0.00/bosz2024_ms_t3000_g+0.5_m+0.00_a+0.00_c+0.00_v2_r500_resam.txt     0.07278243651312254     8.014411589624812     6.214447081088512     6.182705366795673     7.0646956821106155    7.068707954900031     7.568585722454121     10.381141950836113    13.215371505743365    15.917018060695439    6.812014606241727     9.562754871337312     13.512402509579841    8.920835267236228     6.149162700256362     22.378519515685525    
/home/drubin/koa_scratch/r500/m+0.00/bosz2024_ms_t3000_g+1.0_m+0.00_a+0.00_c+0.00_v2_r500_resam.txt     0.0739049003638132      7.852654391684865     6.216691354377305     6.231380303761062     7.094438418326726     7.117224788854349     7.557207982138097     10.146401132644407    12.819758206710109    15.502937330571921    6.76036094086578      9.293464769900291     13.083317932720215    8.707371541294904     6.1518276522253945    21.84589553414178     
/home/drubin/koa_scratch/r500/m+0.00/bosz2024_ms_t3000_g+1.5_m+0.00_a+0.00_c+0.00_v2_r500_resam.txt     0.07473157421136796     7.70660273260443      6.228474776859901     6.291823441707022     7.1353840291693125    7.1706364498171045    7.554784184323042     9.93981082686544      12.494339353627705    15.117060760282037    6.710703323677427     9.059750453702714     12.706523125859492    8.51789762014278      6.164548493665823     21.361466826863623    
/home/drubin/koa_scratch/r500/m+0.00/bosz2024_ms_t3000_g+2.0_m+0.00_a+0.00_c+0.00_v2_r500_resam.txt     0.07537007234337698     7.577968967860983     6.248177187765337     6.3583619268166185    7.177401158481688     7.222266157911222     7.5599985383111665    9.764316021607804     12.236940540159312    14.769815991514497    6.66379303738414      8.862886152755506     12.38804013497523     8.354543102350782     6.1859632421072765    20.945798628761693    
/home/drubin/koa_scratch/r500/m+0.00/bosz2024_ms_t3000_g+2.5_m+0.00_a+0.00_c+0.00_v2_r500_resam.txt     0.07581420650043108     7.471532873026353     6.274971629404728     6.425200340474994     7.206730499049846     7.2621502029901865    7.569842791626026     9.618100335799246     12.013719337939472    14.498586453870011    6.623570043977769     8.700962228747303     12.1272658191317      8.219192879940223     6.215991930840668     20.624458297674153    
/home/drubin/koa_scratch/r500/m+0.00/bosz2024_ms_t3000_g+3.0_m+0.00_a+0.00_c+0.00_v2_r500_resam.txt     0.07545895437285852     7.364064522703337     6.341242713327327     6.5010798428807215    7.183511522823876     7.256033002645253     7.563762260680802     9.428588088553422     11.63274814250731     14.336300796216115    6.607301560801005     8.493137956701993     11.800296561005165    8.058994218436382     6.295663825154745     20.288303405095558    
/home/drubin/koa_scratch/r500/m+0.00/bosz2024_ms_t3100_g+0.5_m+0.00_a+0.00_c+0.00_v2_r500_resam.txt     0.08261862220934356     7.789671378524207     6.08570061712951      6.026244969802094     6.8632860445612245    6.919751411586784     7.500507103387708     10.086436339692016    12.78344605915919     15.715152854403119    6.693798060458171     9.228407171980336     13.05295521819297     8.64294649958368      6.024485978800453     22.056149438382675    
/home/drubin/koa_scratch/r500/m+0.00/bosz2024_ms_t3100_g+1.0_m+0.00_a+0.00_c+0.00_v2_r500_resam.txt     0.08368493393179342     7.659765140869967     6.084607912401213     6.068927351000806     6.900810886730719     6.969294799826377     7.487884294186995     9.88209074268464      12.399263518365927    15.31563455187693     6.6523612343566025    8.998655299514088     12.658119401422386    8.464350908666008     6.0231796985454       21.53989233965921     
/home/drubin/koa_scratch/r500/m+0.00/bosz2024_ms_t3100_g+1.5_m+0.00_a+0.00_c+0.00_v2_r500_resam.txt     0.08449866408081676     7.536159535487354     6.09138637603238      6.123722393556919     6.950942348723323     7.02601290890395      7.483179132551411     9.692958016130593     12.06535555676547     14.939783804951345    6.61020044709211      8.790026276496341     12.298478719537528    8.297871879317167     6.030377085786672     21.060275451638788    
/home/drubin/koa_scratch/r500/m+0.00/bosz2024_ms_t3100_g+2.0_m+0.00_a+0.00_c+0.00_v2_r500_resam.txt     0.0851562456595866      7.419535265758821     6.106159877462801     6.187269329587681     7.005455447992085     7.084781889464676     7.486047303147657     9.519916417279072     11.7765192491118      14.59528310169388     6.568289703513965     8.601119733778848     11.973961353649358    8.143733699386843     6.0463055805111035    20.625744195629462    
/home/drubin/koa_scratch/r500/m+0.00/bosz2024_ms_t3100_g+2.5_m+0.00_a+0.00_c+0.00_v2_r500_resam.txt     0.08568095463689869     7.315051707738639     6.1282017025443185    6.254521415806096     7.053888875269237     7.138098975027952     7.495242419147847     9.370329673637011     11.537712468699988    14.301715547828142    6.528835851034932     8.43881547438237      11.699067410485275    8.00836028304027      6.070551817295411     20.265276922664913    
/home/drubin/koa_scratch/r500/m+0.00/bosz2024_ms_t3100_g+3.0_m+0.00_a+0.00_c+0.00_v2_r500_resam.txt     0.08567328917228142     7.215236995699211     6.177515089125017     6.3280986309769975    7.063786514465903     7.159349131354728     7.497926839439277     9.205253327840408     11.23211204800529     14.094128743010852    6.504445928250041     8.262832445204841     11.412279646015355    7.8670674146206165    6.127885726693195     19.93493457215352     
/home/drubin/koa_scratch/r500/m+0.00/bosz2024_ms_t3200_g+0.0_m+0.00_a+0.00_c+0.00_v2_r500_resam.txt     0.09221573567650017     7.6055318276382895    5.986144306513386     5.8783392575842655    6.656764227626855     6.759262651676982     7.458295525298051     9.848016925393148     12.487130558581539    15.885072957898787    6.599336900752197     8.94895135888681      12.720414536794868    8.41249601216035      5.929918410295602     22.182380825278774    
/home/drubin/koa_scratch/r500/m+0.00/bosz2024_ms_t3200_g+0.5_m+0.00_a+0.00_c+0.00_v2_r500_resam.txt     0.09356518188422473     7.516975802430403     5.976368319585447     5.898853731974407     6.678875083565528     6.79256844575483      7.438242836054458     9.685606196808465     12.109155247175563    15.482960287217601    6.571887314770399     8.774449479433748     12.375877706870352    8.281132013938524     5.918699994196613     21.653821721209276    
/home/drubin/koa_scratch/r500/m+0.00/bosz2024_ms_t3200_g+1.0_m+0.00_a+0.00_c+0.00_v2_r500_resam.txt     0.09456565917273993     7.4323590155796815    5.971106482701113     5.931151043479623     6.716547612141567     6.835710491394597     7.424565372580255     9.542258127956174     11.816871975798374    15.102967592856896    6.541845895370547     8.622885169426066     12.08184881285585     8.16214492137001      5.912761254327815     21.169450016252167    
/home/drubin/koa_scratch/r500/m+0.00/bosz2024_ms_t3200_g+1.5_m+0.00_a+0.00_c+0.00_v2_r500_resam.txt     0.095320314023009       7.345637447016613     5.971953203538806     5.975628689470323     6.767250492157447     6.888285468934692     7.417441833706383     9.40373745046585      11.560436919408971    14.743168758887748    6.508867835547118     8.477272009130584     11.806002988206895    8.044421213395847     5.9136749577568       20.719929821029677    
/home/drubin/koa_scratch/r500/m+0.00/bosz2024_ms_t3200_g+2.0_m+0.00_a+0.00_c+0.00_v2_r500_resam.txt     0.09596416476795917     7.254168936085171     5.980150648660311     6.030962785232413     6.8266984511392295    6.947250182355859     7.417205687783245     9.26171529767669      11.31020268364534     14.407493328005847    6.47339678734392      8.32866665167439      11.531762706861162    7.922202685503592     5.922678542649125     20.29841164025779     
/home/drubin/koa_scratch/r500/m+0.00/bosz2024_ms_t3200_g+2.5_m+0.00_a+0.00_c+0.00_v2_r500_resam.txt     0.09654205540300954     7.1623043220870635    5.996183009747745     6.094147208667296     6.887859339279733     7.007201650039524     7.423951041164517     9.121322724815002     11.068776078268613    14.110905448549875    6.437421093875038     8.182484505615816     11.269501334895608    7.800422614219506     5.940349117939313     19.916590951866308    
/home/drubin/koa_scratch/r500/m+0.00/bosz2024_ms_t3200_g+3.0_m+0.00_a+0.00_c+0.00_v2_r500_resam.txt     0.09680555145676245     7.0719682292365       6.030483519784024     6.163536486443558     6.928886597525958     7.050994505384138     7.431920515714444     8.977285144409915     10.815101790267175    13.872207259294317    6.40899032492955      8.033253912522287     11.015480046758881    7.676908840745926     5.979027191989293     19.585449081936254    
/home/drubin/koa_scratch/r500/m+0.00/bosz2024_ms_t3300_g+0.0_m+0.00_a+0.00_c+0.00_v2_r500_resam.txt     0.104511906836748       7.2542019845828865    5.896575251264327     5.796789071296953     6.530136238469861     6.677182210890851     7.401326292078028     9.260632373805544     11.35118355618542     15.588179864935782    6.465705089604304     8.30430642995008      11.646599799941162    7.911257841009117     5.843815018359883     21.638061572015978    
/home/drubin/koa_scratch/r500/m+0.00/bosz2024_ms_t3300_g+0.5_m+0.00_a+0.00_c+0.00_v2_r500_resam.txt     0.10585999838543447     7.210216437749505     5.8850421669074215    5.806646539467443     6.542248790102528     6.699166484693528     7.38332395976397      9.171873584411989     11.143555167228085    15.208277187602885    6.4490503243465005    8.222037457231592     11.451028383814634    7.845866305685228     5.830376468477466     21.13241763049665     
/home/drubin/koa_scratch/r500/m+0.00/bosz2024_ms_t3300_g+1.0_m+0.00_a+0.00_c+0.00_v2_r500_resam.txt     0.10676739472229714     7.170554311610012     5.87624731435592      5.826079265925628     6.568955321889186     6.730139728740752     7.3696129156456       9.102700243902843     10.999847866449667    14.854425412284415    6.429577955101395     8.158457303632872     11.300672810789933    7.792582035699702     5.820519126012496     20.6910061775017      
/home/drubin/koa_scratch/r500/m+0.00/bosz2024_ms_t3300_g+1.5_m+0.00_a+0.00_c+0.00_v2_r500_resam.txt     0.10742258606098115     7.125520193287329     5.871540313038586     5.856521686519178     6.609793491522952     6.77139494853774      7.360393297007813     9.032211092951142     10.870172356836548    14.518165134895353    6.4061093774813305    8.091760476047135     11.153477053725602    7.735177110442174     5.8155927405464       20.287565192754727    
/home/drubin/koa_scratch/r500/m+0.00/bosz2024_ms_t3300_g+2.0_m+0.00_a+0.00_c+0.00_v2_r500_resam.txt     0.10798384824547519     7.069939960822127     5.87255718261372      5.898400550344273     6.662189397635741     6.822094899472405     7.356492007910967     8.948863166427245     10.727611909917151    14.199540347977905    6.378383444411008     8.010427954398265     10.988234336172564    7.66482394793732      5.817189039225812     19.906875462728       
/home/drubin/koa_scratch/r500/m+0.00/bosz2024_ms_t3300_g+2.5_m+0.00_a+0.00_c+0.00_v2_r500_resam.txt     0.10852785843690736     7.0041469530130795    5.8808781066364535    5.951021187073314     6.722264950427615     6.879384145985029     7.358960470897214     8.850289261017556     10.56236091273954     13.909885391749135    6.347653663787666     7.912634587645501     10.802450684056527    7.580544242741975     5.826871172452966     19.54871711220185     
/home/drubin/koa_scratch/r500/m+0.00/bosz2024_ms_t3300_g+3.0_m+0.00_a+0.00_c+0.00_v2_r500_resam.txt     0.10895921047036183     6.930904246794546     5.902554179372105     6.012869469245981     6.778205316748226     6.9334259279689245    7.366468873393543     8.73451909288162      10.362751712735353    13.664853014117975    6.3192639055597555    7.797718454018763     10.598118870262192    7.482938866555006     5.851264622283752     19.220102702858735    
/home/drubin/koa_scratch/r500/m+0.00/bosz2024_ms_t3300_g-0.5_m+0.00_a+0.00_c+0.00_v2_r500_resam.txt     0.10264546350323686     7.305612136727096     5.911738609074154     5.796224842516349     6.530147263755422     6.66201888034175      7.423224063861415     9.376620415336932     11.658105818388467    15.996540715156762    6.481294504756368     8.413361757048698     11.910249735536729    7.994273229045179     5.861808619787613     22.21193756613509     
/home/drubin/koa_scratch/r500/m+0.00/bosz2024_ms_t3400_g+0.0_m+0.00_a+0.00_c+0.00_v2_r500_resam.txt     0.1183614819092049      6.963541345789555     5.816101450602693     5.736638571205763     6.444962158154253     6.6195409297503875    7.349202631820968     8.703937288331172     10.251068355964708    15.258697232156528    6.342822527481387     7.760348694128973     10.649583530412531    7.47839918009803      5.767043479918811     21.038937967685676    
/home/drubin/koa_scratch/r500/m+0.00/bosz2024_ms_t3400_g+0.5_m+0.00_a+0.00_c+0.00_v2_r500_resam.txt     0.11978527819839886     6.939180714941921     5.804164812863685     5.739288014199778     6.445129998107156     6.632765483733257     7.332798576875117     8.654856744040645     10.147228968750369    14.894013877589638    6.33266905253817      7.720771658338408     10.5350488814374      7.444465123727908     5.752689259249326     20.53761872916474     
/home/drubin/koa_scratch/r500/m+0.00/bosz2024_ms_t3400_g+1.0_m+0.00_a+0.00_c+0.00_v2_r500_resam.txt     0.12058161727222268     6.9217046278368235    5.793893796568654     5.748637825507382     6.457998832970437     6.6522623761623       7.3201167507715725    8.633235191113183     10.109888069061338    14.566286643093706    6.320159373521543     7.704017444890936     10.475371110964725    7.426896591176856     5.740907441911528     20.131406591317035    
/home/drubin/koa_scratch/r500/m+0.00/bosz2024_ms_t3400_g+1.5_m+0.00_a+0.00_c+0.00_v2_r500_resam.txt     0.12107710724184824     6.902111063245325     5.786005180772698     5.7663052005098585    6.484846344017702     6.680508307008156     7.310549062718685     8.614682072320143     10.086282743121973    14.257440011450925    6.303924730268413     7.688748164817526     10.426048510735624    7.409389988878807     5.732392055268169     19.77407291988522     
/home/drubin/koa_scratch/r500/m+0.00/bosz2024_ms_t3400_g+2.0_m+0.00_a+0.00_c+0.00_v2_r500_resam.txt     0.12147255231497307     6.874265874066165     5.7819264910402985    5.794079196508028     6.525270262210845     6.718970474821311     7.304599895956797     8.584404023016091     10.04618833681686     13.962823050498827    6.283310090712938     7.661281894359339     10.360503168989563    7.3813637842192845    5.728539970258744     19.439336888377632    
/home/drubin/koa_scratch/r500/m+0.00/bosz2024_ms_t3400_g+2.5_m+0.00_a+0.00_c+0.00_v2_r500_resam.txt     0.1218820888233839      6.835326390392601     5.7833088860892214    5.832843800552539     6.576671989582704     6.766952400152128     7.303373782464413     8.535856230692552     9.9760507118606       13.689202473080355    6.258517434041691     7.615347962296117     10.268036541530876    7.33787374987314      5.73099293152794      19.11997341341423     
/home/drubin/koa_scratch/r500/m+0.00/bosz2024_ms_t3400_g+3.0_m+0.00_a+0.00_c+0.00_v2_r500_resam.txt     0.12232422911316983     6.7850649264442096    5.7940021001218645    5.8824528345040505    6.632407784597069     6.819545496722848     7.307420328935916     8.464213992900758     9.863337106912851     13.450236645794458    6.23245065458447      7.5468386114012755    10.143889947575232    7.276293375071888     5.743707493922468     18.816521436429237    
/home/drubin/koa_scratch/r500/m+0.00/bosz2024_ms_t3400_g-0.5_m+0.00_a+0.00_c+0.00_v2_r500_resam.txt     0.11586110773541919     7.007278020440459     5.830070087995595     5.740401811827745     6.4557268532062135    6.610691569010551     7.3711428852370355    8.816581778908528     10.508185369288297    15.68084520382045     6.352416620235789     7.855156856761765     10.887636599128864    7.552695502460031     5.784438226884328     21.685906273846193    
/home/drubin/koa_scratch/r500/m+0.00/bosz2024_ms_t3500_g+0.0_m+0.00_a+0.00_c+0.00_v2_r500_resam.txt     0.13393897698065307     6.745724347418051     5.740304049853941     5.686521189948312     6.381248726680777     6.573679546471328     7.2987239219682       8.232870761635585     9.380136093892942     14.905951363919808    6.229402695665978     7.357581793266456     9.896462053092794     7.149469651230332     5.695306308030707     20.460894815075505    
/home/drubin/koa_scratch/r500/m+0.00/bosz2024_ms_t3500_g+0.5_m+0.00_a+0.00_c+0.00_v2_r500_resam.txt     0.13537917293986004     6.7292072718844835    5.728949097483161     5.685603517079313     6.374083046021544     6.582309457249046     7.284212842314698     8.203252052963645     9.320946430678319     14.550733271292188    6.223951731454019     7.3346576059152735    9.809862342395293     7.128450830288937     5.681052816844834     19.944306089629684    
/home/drubin/koa_scratch/r500/m+0.00/bosz2024_ms_t3500_g+1.0_m+0.00_a+0.00_c+0.00_v2_r500_resam.txt     0.13608890132576237     6.717715780172631     5.718674364175796     5.6891278594069945    6.376121369238464     6.594422214071136     7.273252561150637     8.200809564984908     9.32110749357069      14.242695507826355    6.216006128197399     7.330976498045377     9.774440722299522     7.121307919012763     5.668817647448615     19.543937487898532    
/home/drubin/koa_scratch/r500/m+0.00/bosz2024_ms_t3500_g+1.5_m+0.00_a+0.00_c+0.00_v2_r500_resam.txt     0.13642605487769024     6.70650877740929      5.709795866830422     5.698040515236728     6.389476787697732     6.612221197088256     7.26462432818479      8.207366104749967     9.344577478043        13.960053062613493    6.20476055434227      7.333375306122729     9.76113014994239      7.11804974216024      5.658853680867293     19.214725325139522    
/home/drubin/koa_scratch/r500/m+0.00/bosz2024_ms_t3500_g+2.0_m+0.00_a+0.00_c+0.00_v2_r500_resam.txt     0.136627377072777       6.691380567919287     5.703090206390902     5.714231395881351     6.415867390799973     6.638328210006115     7.258307267604666     8.20966214914612      9.365164252800556     13.69270326976305     6.189542395862376     7.3316481784415055    9.747597589562396     7.110734375732854     5.65194882061919      18.919958876066435    
/home/drubin/koa_scratch/r500/m+0.00/bosz2024_ms_t3500_g+2.5_m+0.00_a+0.00_c+0.00_v2_r500_resam.txt     0.13684707084317582     6.668765769847069     5.69993946736283      5.7397019701506835    6.455095224047369     6.6743500552611055    7.255103570575752     8.198443825513435     9.364547899509391     13.44137516411094     6.170036980084        7.317903250203349     9.718299402011198     7.093125034778894     5.64946604824097      18.640543568328205    
/home/drubin/koa_scratch/r500/m+0.00/bosz2024_ms_t3500_g+3.0_m+0.00_a+0.00_c+0.00_v2_r500_resam.txt     0.13714422410865718     6.63679422174115      5.7029010257733415    5.775934858497219     6.503727573308544     6.71910976985753      7.256145828094935     8.167713789543614     9.330038278356898     13.216379113291666    6.14743212877764      7.286713827079275     9.664454535719809     7.0611414085299895    5.653981759554906     18.371755224640673    
/home/drubin/koa_scratch/r500/m+0.00/bosz2024_ms_t3500_g-0.5_m+0.00_a+0.00_c+0.00_v2_r500_resam.txt     0.13120774140869096     6.774638573188141     5.75318631971451      5.69213609284173      6.396410813574864     6.567392172723351     7.319304976697221     8.31916930937879      9.560097378433225     15.333113764621974    6.233479205047593     7.421847776206371     10.081001329096758    7.200786991369229     5.712087886542388     21.147607057960606    
/home/drubin/koa_scratch/r500/m+0.00/bosz2024_ms_t3600_g+0.0_m+0.00_a+0.00_c+0.00_v2_r500_resam.txt     0.15086850440102978     6.574041485802012     5.667360451022486     5.641561719675793     6.328822250327278     6.533526792053371     7.250010929354164     7.859555548472601     8.76405786543531      14.544170502467725    6.120550342615161     7.060773269779997     9.361432846567734     6.899609702541786     5.626734993110252     19.99296281009307     
/home/drubin/koa_scratch/r500/m+0.00/bosz2024_ms_t3600_g+0.5_m+0.00_a+0.00_c+0.00_v2_r500_resam.txt     0.1523619156698633      6.56202664054403      5.656891930268229     5.638890750289022     6.317632287680662     6.539892621144483     7.237124250633223     7.83647736116266      8.714417389976962     14.190658201157884    6.119155145069395     7.0444225824481315    9.279887382113559     6.884364666104771     5.612957043829012     19.44702371522667     
/home/drubin/koa_scratch/r500/m+0.00/bosz2024_ms_t3600_g+1.0_m+0.00_a+0.00_c+0.00_v2_r500_resam.txt     0.15307724838021855     6.552678047668063     5.647447937775336     5.639435039189189     6.312995027746405     6.548053891995629     7.22785611652487      7.8365019524162065    8.71248421423508      13.892245976019016    6.115234415422944     7.042046869080859     9.24060081926431      6.8790231827335155    5.601114451688244     19.01962969237603     
/home/drubin/koa_scratch/r500/m+0.00/bosz2024_ms_t3600_g+1.5_m+0.00_a+0.00_c+0.00_v2_r500_resam.txt     0.15335096215717467     6.54355450924165      5.638825468238365     5.643381799478499     6.316528960199962     6.559319385542066     7.220705090270294     7.848328737229336     8.737758735285041     13.629020844501827    6.108063036349608     7.046209508537028     9.226725311966389     6.877936172520203     5.590988564230593     18.680642623827232    
/home/drubin/koa_scratch/r500/m+0.00/bosz2024_ms_t3600_g+2.0_m+0.00_a+0.00_c+0.00_v2_r500_resam.txt     0.15342907308418782     6.532439113222965     5.631430284076302     5.651918743030152     6.330445277724386     6.575984780109039     7.215101526657807     7.862273968243319     8.77246374413936      13.387224215734397    6.0972130567794105    7.0506489279048745    9.223802591770495     6.876265896768024     5.582953511919355     18.39602155204297     
/home/drubin/koa_scratch/r500/m+0.00/bosz2024_ms_t3600_g+2.5_m+0.00_a+0.00_c+0.00_v2_r500_resam.txt     0.1534827764670071      6.516965661616693     5.626057804191866     5.667028764117416     6.35648597324629      6.600655199608553     7.211446121788442     7.870291075475007     8.801507603406389     13.161758593376604    6.082276301279727     7.04965285265692      9.219392378452469     6.869522244981587     5.5778014771547815    18.14069199318016     
/home/drubin/koa_scratch/r500/m+0.00/bosz2024_ms_t3600_g+3.0_m+0.00_a+0.00_c+0.00_v2_r500_resam.txt     0.15361635036446925     6.495059255803129     5.624342633413218     5.6909747414741805    6.394129631954466     6.634758772216399     7.21068641395205      7.865790563991317     8.811895301862748     12.95685900611247     6.063438778453072     7.03821963630342      9.203770016477089     6.853735978271089     5.577185600914843     17.90060928773002     
/home/drubin/koa_scratch/r500/m+0.00/bosz2024_ms_t3600_g-0.5_m+0.00_a+0.00_c+0.00_v2_r500_resam.txt     0.14802019314296866     6.593214858839814     5.679597008380862     5.648393835826701     6.3461136624449       6.52857259780299      7.269236127363067     7.925729180504013     8.898396814543483     14.976105277119023    6.120530912254095     7.105122503114506     9.514245479290256     6.935315568997922     5.643265210606302     20.698938520055904    
/home/drubin/koa_scratch/r500/m+0.00/bosz2024_ms_t3700_g+0.0_m+0.00_a+0.00_c+0.00_v2_r500_resam.txt     0.16897486746098184     6.42282925251606      5.5964953214981294    5.5998709850252695    6.28252875663089      6.496355432085036     7.202589810788622     7.560798950441009     8.318685748442102     14.17819266152808     6.012997710379161     6.823896020154942     8.95633649688126      6.69358018637754      5.560485353878041     19.62394616405804     
/home/drubin/koa_scratch/r500/m+0.00/bosz2024_ms_t3700_g+0.5_m+0.00_a+0.00_c+0.00_v2_r500_resam.txt     0.17056731521694735     6.4147995992454545    5.586856727903255     5.596158065265864     6.269208152796896     6.501592304991416     7.19100790222515      7.539575053519913     8.269497055938956     13.821199726925382    6.01506405371382      6.811665079372721     8.876047473438929     6.682423149569939     5.54719731495135      19.050690302160103    
/home/drubin/koa_scratch/r500/m+0.00/bosz2024_ms_t3700_g+1.0_m+0.00_a+0.00_c+0.00_v2_r500_resam.txt     0.17133990909430774     6.40839973511256      5.578511821132012     5.595180825843529     6.260759238430719     6.507753923599014     7.183298609395319     7.537139124219276     8.257664069991122     13.52398814774922     6.015045144551485     6.80973354096886      8.83071709988077      6.678551866187093     5.536082076767716     18.592237034906166    
/home/drubin/koa_scratch/r500/m+0.00/bosz2024_ms_t3700_g+1.5_m+0.00_a+0.00_c+0.00_v2_r500_resam.txt     0.17164214635096842     6.401574097392958     5.570910314611161     5.596505474946827     6.258049993320428     6.515405896329769     7.177746328536234     7.545713695542156     8.269965412899591     13.270514909700179    6.011963089202288     6.812751216135719     8.80847148743481      6.677757297450462     5.526585832749494     18.224139854458063    
/home/drubin/koa_scratch/r500/m+0.00/bosz2024_ms_t3700_g+2.0_m+0.00_a+0.00_c+0.00_v2_r500_resam.txt     0.17171899488706882     6.392714299196598     5.563921056719884     5.600562858474997     6.262811777778193     6.526001298067058     7.173400943204578     7.559153164037897     8.295922547883405     13.047364060097088    6.00516858592367      6.8167475918099445    8.80014918932035      6.676855895807314     5.518545518525237     17.922236469826224    
/home/drubin/koa_scratch/r500/m+0.00/bosz2024_ms_t3700_g+2.5_m+0.00_a+0.00_c+0.00_v2_r500_resam.txt     0.17171130821423436     6.380686068040324     5.5579507329569875    5.6087268146304945    6.277316939397982     6.541927414415959     7.170237243169057     7.572312089983301     8.326379857715683     12.846802505954976    5.994412140964666     6.818616547814002     8.798174413826827     6.673424094097001     5.512362928016552     17.663933469557776    
/home/drubin/koa_scratch/r500/m+0.00/bosz2024_ms_t3700_g+3.0_m+0.00_a+0.00_c+0.00_v2_r500_resam.txt     0.17172388693578328     6.364148694170524     5.55403713055         5.623209547128152     6.303008216299294     6.565723637897172     7.168926987092349     7.579911644896045     8.351851613974995     12.666762944075492    5.9796368754977784    6.81491481458436      8.79571134026413      6.664734460710854     5.509078404240081     17.433408693199187    
/home/drubin/koa_scratch/r500/m+0.00/bosz2024_ms_t3700_g-0.5_m+0.00_a+0.00_c+0.00_v2_r500_resam.txt     0.16605098925681777     6.435697564213316     5.608470686788416     5.607530830262228     6.3008387554279155    6.49223189853914      7.22060651642987      7.612985887612206     8.426478926120314     14.61224169305218     6.010195487940189     6.855176366117597     9.090142678379665     6.718857056711438     5.577021180203489     20.33696983827257     
/home/drubin/koa_scratch/r500/m+0.00/bosz2024_ms_t3800_g+0.0_m+0.00_a+0.00_c+0.00_v2_r500_resam.txt     0.1883000272130182      6.2804794381335105    5.527700107093693     5.560444293098172     6.239875184393481     6.4609943930280345    7.156189728793678     7.3122540963409755    7.97403563256295      13.798162445827614    5.906220127786601     6.62151296208914      8.622557182478783     6.512159854182922     5.496431377744237     19.30906727895377     
/home/drubin/koa_scratch/r500/m+0.00/bosz2024_ms_t3800_g+0.5_m+0.00_a+0.00_c+0.00_v2_r500_resam.txt     0.19005296093267723     6.2754780446693985    5.5185273753559185    5.556077881501379     6.225400033569432     6.465547202687414     7.145450531247574     7.2916129064722       7.924559396673598     13.43543380084099     5.910600890968013     6.61213299890823      8.543476692319214     6.503924562688207     5.483398662382955     18.71670336777954     
/home/drubin/koa_scratch/r500/m+0.00/bosz2024_ms_t3800_g+1.0_m+0.00_a+0.00_c+0.00_v2_r500_resam.txt     0.19089817772095655     6.272458683500576     5.511193313955679     5.554256864298971     6.2149434914867125    6.470722279239683     7.139140783618836     7.286566875038103     7.905356196553543     13.13646722674384     5.913927400176997     6.611176108212        8.495434805296068     6.501958640549472     5.472999082400447     18.232522260504503    
/home/drubin/koa_scratch/r500/m+0.00/bosz2024_ms_t3800_g+1.5_m+0.00_a+0.00_c+0.00_v2_r500_resam.txt     0.19125453591848993     6.268894900690151     5.504769452644929     5.554182883962264     6.208580070387369     6.476506323647704     7.135166018553223     7.290732705077421     7.905920351566883     12.887547634719049    5.914711807133037     6.613839897181732     8.467748168651655     6.502206633343061     5.464330885720397     17.837988979621166    
/home/drubin/koa_scratch/r500/m+0.00/bosz2024_ms_t3800_g+2.0_m+0.00_a+0.00_c+0.00_v2_r500_resam.txt     0.19136408488196305     6.263275267952766     5.498834946990966     5.555811032262845     6.207365257276659     6.483636794989202     7.132334641768696     7.300101832254482     7.919558279366349     12.677343775768364    5.912084040239856     6.617222463127251     8.453493485836347     6.502218544994633     5.456973466041806     17.512236678738358    
/home/drubin/koa_scratch/r500/m+0.00/bosz2024_ms_t3800_g+2.5_m+0.00_a+0.00_c+0.00_v2_r500_resam.txt     0.19137345160064811     6.254577879222245     5.493339888578904     5.559821498867883     6.213146486848271     6.493759959073087     7.130277621842178     7.311438057184134     7.940860007842869     12.49740037909067     5.905554920936692     6.619210629489444     8.447784110999393     6.500244313509006     5.450850721365873     17.237085606393208    
/home/drubin/koa_scratch/r500/m+0.00/bosz2024_ms_t3800_g+3.0_m+0.00_a+0.00_c+0.00_v2_r500_resam.txt     0.19137166298667843     6.241936694075831     5.488787843534673     5.5677782138066405    6.228011728722805     6.509282288138319     7.129255417701314     7.3214616227603       7.964232847882597     12.342045977448656    5.89490896163579      6.61780483680568      8.446249024653582     6.494614311203058     5.446482329583382     16.99859122770792     
/home/drubin/koa_scratch/r500/m+0.00/bosz2024_ms_t3800_g-0.5_m+0.00_a+0.00_c+0.00_v2_r500_resam.txt     0.1854599923685426      6.288260919910044     5.539448412749205     5.568825136987686     6.258431767269032     6.457437949638955     7.172341390322623     7.351763806845563     8.060670327820729     14.224306473126923    5.901199306925297     6.641803950646189     8.740360350312319     6.5285865917745465    5.512936031177055     20.017405757425102    
/home/drubin/koa_scratch/r500/m+0.00/bosz2024_ms_t3900_g+0.0_m+0.00_a+0.00_c+0.00_v2_r500_resam.txt     0.209010264539511       6.143452102486858     5.46132622516994      5.52302424158511      6.199469200248227     6.42695370980499      7.110793641013093     7.095839118172346     7.687570373510615     13.39159256554866     5.801201596532329     6.4405371456131615    8.329571638496407     6.3461923093137305    5.434782367042619     19.005832371663878    
/home/drubin/koa_scratch/r500/m+0.00/bosz2024_ms_t3900_g+0.5_m+0.00_a+0.00_c+0.00_v2_r500_resam.txt     0.21095682639582364     6.14039613101977      5.452303055712566     5.518022418997338     6.184401230756292     6.430963187669332     7.100775998260243     7.076270049429535     7.639494076906658     13.024042961211816    5.806732106305844     6.433576761589869     8.252242906490395     6.34021084255296      5.4218134022256015    18.399074965309477    
/home/drubin/koa_scratch/r500/m+0.00/bosz2024_ms_t3900_g+1.0_m+0.00_a+0.00_c+0.00_v2_r500_resam.txt     0.21189764961021307     6.139981607777898     5.445607262054156     5.515656890724908     6.172943606805271     6.4356162636773595    7.095466646332815     7.069710335160202     7.61656091418793      12.72336118384606     5.812249200183841     6.433712288255275     8.203585213690003     6.339904243414458     5.4118779549844565    17.897155774923682    
/home/drubin/koa_scratch/r500/m+0.00/bosz2024_ms_t3900_g+1.5_m+0.00_a+0.00_c+0.00_v2_r500_resam.txt     0.21227174323476108     6.139799377071382     5.440220696698961     5.514844349939359     6.164723723845444     6.4405277494918955    7.092892696849314     7.0710415936235425    7.610285373755795     12.477946529478217    5.816243316111079     6.437024419516896     8.174070284437464     6.341828255530736     5.4039853209505       17.484910539823176    
/home/drubin/koa_scratch/r500/m+0.00/bosz2024_ms_t3900_g+2.0_m+0.00_a+0.00_c+0.00_v2_r500_resam.txt     0.21239456699097636     6.137883916283694     5.435449849486453     5.515190508777015     6.160014692340036     6.445856973569693     7.0915953281663535    7.076701422887343     7.61487368695588      12.277838086926714    5.8173962532324       6.440638866359826     8.157048880811566     6.343381520013368     5.397464304303675     17.141533278550398    
/home/drubin/koa_scratch/r500/m+0.00/bosz2024_ms_t3900_g+2.5_m+0.00_a+0.00_c+0.00_v2_r500_resam.txt     0.21244046703032476     6.132956632723566     5.4308889027022245    5.516839950809348     6.159914536993096     6.452483209137095     7.090869144098148     7.084462545513292     7.626621921663039     12.11531319917797     5.814899540050321     6.442744985258924     8.148252506030222     6.342913387943982     5.391910465753769     16.850807517871903    
/home/drubin/koa_scratch/r500/m+0.00/bosz2024_ms_t3900_g+3.0_m+0.00_a+0.00_c+0.00_v2_r500_resam.txt     0.21248719489571638     6.1242329715660135    5.426631624214981     5.520721689255634     6.166236816099597     6.462217712133999     7.090625382553429     7.0925194083911505    7.6424780494823175    11.982581977124058    5.808369919882295     6.442089854141423     8.144846167978253     6.339299758641715     5.387426185609183     16.60052929601241     
/home/drubin/koa_scratch/r500/m+0.00/bosz2024_ms_t3900_g-0.5_m+0.00_a+0.00_c+0.00_v2_r500_resam.txt     0.20563478670459376     6.150945393646079     5.473841145105538     5.532377140157404     6.218814092980383     6.424255230986598     7.127491829618516     7.1343278881297785    7.771222159778049     13.829500881923149    5.7966248485196905    6.458950471300806     8.446107937557997     6.361356522509118     5.45203619131455      19.72533617068946     
/home/drubin/koa_scratch/r500/m+0.00/bosz2024_ms_t4000_g+0.0_m+0.00_a+0.00_c+0.00_v2_r500_resam.txt     0.23105310764830508     6.012477078538954     5.3980375338813635    5.48748712493322      6.160846759278552     6.394352665935453     7.067705146790009     6.902801729339663     7.43963335051089      12.96353127398492     5.699984537286225     6.276043296912571     8.065844872292939     6.192982302802937     5.376018536568708     18.67715931953157     
/home/drubin/koa_scratch/r500/m+0.00/bosz2024_ms_t4000_g+0.5_m+0.00_a+0.00_c+0.00_v2_r500_resam.txt     0.2334035170165772      6.009595893963549     5.388726197159038     5.481838778143042     6.145312318544206     6.3976519952738435    7.057753960450656     6.882830468618718     7.391387586220667     12.589614946599344    5.705197461733534     6.269701746998761     7.988073249431111     6.187457376039732     5.362816043693188     18.050154829466138    
/home/drubin/koa_scratch/r500/m+0.00/bosz2024_ms_t4000_g+1.0_m+0.00_a+0.00_c+0.00_v2_r500_resam.txt     0.2345104967195009      6.010546772565107     5.38228062694036      5.478924832200561     6.133338224670728     6.401823566255741     7.052976505442708     6.875436137765748     7.366746667692475     12.287481155426192    5.7116430852933044    6.270629348806014     7.938968934335336     6.188160871239048     5.353091831508928     17.534463068264667    
/home/drubin/koa_scratch/r500/m+0.00/bosz2024_ms_t4000_g+1.5_m+0.00_a+0.00_c+0.00_v2_r500_resam.txt     0.2349077169537407      6.012801972493758     5.377573791048832     5.4776418905452084    6.124266595307026     6.406285300487885     7.051279321566955     6.875346734771094     7.357171525575207     12.044896036722335    5.717662223532466     6.27483218650212      7.909079018025949     6.191536791837827     5.34573106263062      17.113254100902825    
/home/drubin/koa_scratch/r500/m+0.00/bosz2024_ms_t4000_g+2.0_m+0.00_a+0.00_c+0.00_v2_r500_resam.txt     0.235005756047304       6.0140933820508575    5.373719345451727     5.477303192951577     6.117783167825777     6.410764508304996     7.051160173064116     6.878891992523462     7.35685062572368      11.852423940836655    5.721697399113489     6.279307479135772     7.891423647099965     6.19481496753683      5.3398854931057205    16.76404119631335     
/home/drubin/koa_scratch/r500/m+0.00/bosz2024_ms_t4000_g+2.5_m+0.00_a+0.00_c+0.00_v2_r500_resam.txt     0.23504173887919988     6.012866763260197     5.370129223569338     5.4776923812785       6.114246217161749     6.415549111713958     7.05165927900458      6.883944922595042     7.362226653944049     11.703352123926791    5.722663664689586     6.282149853976784     7.881625513520954     6.196183587681514     5.335000207614879     16.468499291911293    
/home/drubin/koa_scratch/r500/m+0.00/bosz2024_ms_t4000_g+3.0_m+0.00_a+0.00_c+0.00_v2_r500_resam.txt     0.23510121922829272     6.0081802824893575    5.366604865656174     5.4792339545336155    6.114785938562161     6.421725308027097     7.052486767903071     6.889545168898049     7.371621891980119     11.5907134725974      5.719964160124        6.28238475004384      7.877443897281669     6.194648648836769     5.33088244543637      16.215118461697426    
/home/drubin/koa_scratch/r500/m+0.00/bosz2024_ms_t4000_g-0.5_m+0.00_a+0.00_c+0.00_v2_r500_resam.txt     0.22715615093484964     6.019997854583319     5.411378801339123     5.497770463730709     6.180615066973573     6.392637743620955     7.083953447134381     6.939086104585797     7.518368631584015     13.402954935574467    5.696422628949698     6.292244906771196     8.179337900762015     6.206756952152564     5.393994360404125     19.404731138448405    
/home/drubin/koa_scratch/r500/m+0.00/bosz2024_ms_t4250_g+0.0_m+0.00_a+0.00_c+0.00_v2_r500_resam.txt     0.2923698460475785      5.7131000907965435    5.2537101073203765    5.4052433634774175    6.069633653316008     6.318712498876511     6.970754967827811     6.486348895450443     6.919177071709123     11.85725520099944     5.468925097798606     5.91602170871775      7.491586357949154     5.853273374281524     5.241291981327704     17.50957669983797     
/home/drubin/koa_scratch/r500/m+0.00/bosz2024_ms_t4250_g+0.5_m+0.00_a+0.00_c+0.00_v2_r500_resam.txt     0.29620871903929546     5.708633202732029     5.243676915682711     5.3981773463092555    6.053729123386392     6.320164980650053     6.960593050335412     6.464473282536533     6.870904967100774     11.492087152443144    5.47145918222761      5.909328629033258     7.413467662878794     5.84686510293538      5.227941980173418     16.800559845197483    
/home/drubin/koa_scratch/r500/m+0.00/bosz2024_ms_t4250_g+1.0_m+0.00_a+0.00_c+0.00_v2_r500_resam.txt     0.29826514882295047     5.709163482157197     5.237184910430633     5.394188245018595     6.04148360674544      6.322929592071464     6.955418554932043     6.4543751647001955    6.843275477776851     11.202154135916782    5.476543798073443     5.909864938847043     7.36201647494744      5.847110089867252     5.218584335051544     16.24697757792023     
/home/drubin/koa_scratch/r500/m+0.00/bosz2024_ms_t4250_g+1.5_m+0.00_a+0.00_c+0.00_v2_r500_resam.txt     0.29910126440646445     5.712940686373361     5.232948069473338     5.3920074769955875    6.031936208830332     6.3263906017176605    6.953751697212642     6.452026051976075     6.829829811002871     10.971083691175869    5.483112967034991     5.914716904742829     7.329891444659938     5.851428512961197     5.2118319363010865    15.82329404944283     
/home/drubin/koa_scratch/r500/m+0.00/bosz2024_ms_t4250_g+2.0_m+0.00_a+0.00_c+0.00_v2_r500_resam.txt     0.2992623823547161      5.717899824015488     5.230038787840005     5.39078382514218      6.024344578501103     6.3300103918088535    6.954296403815025     6.453873457240205     6.825299633837937     10.787519663809535    5.489758332267054     5.921074326641506     7.311092453106123     5.8572319852352175    5.206797816150011     15.491063876785896    
/home/drubin/koa_scratch/r500/m+0.00/bosz2024_ms_t4250_g+2.5_m+0.00_a+0.00_c+0.00_v2_r500_resam.txt     0.2991729388781828      5.722140279912007     5.227751878840994     5.389995069484856     6.018199609379902     6.333369159510546     6.956112593877275     6.457194685716945     6.825657889703115     10.64783307678844     5.495185748644257     5.926608722380086     7.301141010037907     5.862315441453221     5.2028271634230645    15.230852502220882    
/home/drubin/koa_scratch/r500/m+0.00/bosz2024_ms_t4250_g+3.0_m+0.00_a+0.00_c+0.00_v2_r500_resam.txt     0.2990961791325881      5.724346624311973     5.225629064310859     5.389408413556541     6.013304912913114     6.33640396309576      6.958605621482711     6.460325957935532     6.828438195917315     10.552184973519482    5.498356529027571     5.929843919990923     7.297246871125312     5.865225866047088     5.199546945576428     15.02874059014302     
/home/drubin/koa_scratch/r500/m+0.00/bosz2024_ms_t4250_g-0.5_m+0.00_a+0.00_c+0.00_v2_r500_resam.txt     0.2869244595001414      5.721006140351118     5.268397878039676     5.417602485686902     6.089477392640706     6.319120983517738     6.985643190771351     6.5195650098675735    6.989112714175738     12.27055530678307     5.467727042876832     5.9292584122863445    7.596760403965405     5.865318064527547     5.2601158735151206    18.279507588085945    
/home/drubin/koa_scratch/r500/m+0.00/bosz2024_ms_t4500_g+0.0_m+0.00_a+0.00_c+0.00_v2_r500_resam.txt     0.36322954484879183     5.452596989258836     5.126480431634043     5.330720665634341     5.983334594714331     6.251059551486526     6.8869502751815       6.133906190498214     6.486148997528632     10.82955204531161     5.268917712231786     5.612034624477506     6.999169517867843     5.564038483187628     5.120954275817304     15.776517185216361    
/home/drubin/koa_scratch/r500/m+0.00/bosz2024_ms_t4500_g+0.5_m+0.00_a+0.00_c+0.00_v2_r500_resam.txt     0.36916975832140037     5.446291402156328     5.116115823129387     5.322340075959001     5.967829193481373     6.250915990006152     6.875002973577155     6.109926548645258     6.438863500873523     10.487416769435915    5.268717384319923     5.6040448790312265    6.923617764987568     5.556015519906499     5.1080437667449266    15.020889080266231    
/home/drubin/koa_scratch/r500/m+0.00/bosz2024_ms_t4500_g+1.0_m+0.00_a+0.00_c+0.00_v2_r500_resam.txt     0.3727331921974709      5.445125105497053     5.109737218032557     5.317402856378064     5.9563810737806175    6.252213480803125     6.868271261028484     6.09716557351458      6.4102985476847465    10.227777138276844    5.271333346425227     5.602860138631978     6.873068315499655     5.554389862691389     5.099529919241351     14.512318147965663    
/home/drubin/koa_scratch/r500/m+0.00/bosz2024_ms_t4500_g+1.5_m+0.00_a+0.00_c+0.00_v2_r500_resam.txt     0.374548666401089       5.447836113536396     5.105806558150557     5.314491634416352     5.9475561498153615    6.254404771555127     6.865378049850305     6.092324434875018     6.394769270229251     10.025666205559062    5.276066744663904     5.606359249032236     6.840334897798664     5.557334668081681     5.093687470165001     14.145945154336307    
/home/drubin/koa_scratch/r500/m+0.00/bosz2024_ms_t4500_g+2.0_m+0.00_a+0.00_c+0.00_v2_r500_resam.txt     0.37527374247221246     5.452650567060415     5.103224969226431     5.312705334641797     5.940382295460017     6.257021387235619     6.865101454060794     6.092281202433606     6.387663907464147     9.863134267656243     5.281827158725777     5.6122671970805085    6.819767482223035     5.5627078851262715    5.089367683968355     13.861676831710465    
/home/drubin/koa_scratch/r500/m+0.00/bosz2024_ms_t4500_g+2.5_m+0.00_a+0.00_c+0.00_v2_r500_resam.txt     0.3754272016934239      5.4579416766501785    5.101300699254726     5.311441661586237     5.934296448175199     6.25966026329857      6.866549346476059     6.094563418905546     6.385623178521231     9.732978662912211     5.287490182319647     5.618561742302482     6.807679012001545     5.5686081525991815    5.08590490635823      13.6404356781145      
/home/drubin/koa_scratch/r500/m+0.00/bosz2024_ms_t4500_g+3.0_m+0.00_a+0.00_c+0.00_v2_r500_resam.txt     0.375376778133498       5.462315380757449     5.099592464794557     5.3103173278610525    5.928917975642658     6.261984416221022     6.869081477696698     6.097369932429773     6.386389838638298     9.634818804652653     5.292039971510646     5.623613927985246     6.801769840892618     5.573452079505184     5.0829537119785115    13.474671138659938    
/home/drubin/koa_scratch/r500/m+0.00/bosz2024_ms_t4750_g+0.0_m+0.00_a+0.00_c+0.00_v2_r500_resam.txt     0.4460086631420838      5.222006716511602     5.013866383626132     5.262830124659031     5.899455213356597     6.189769967048679     6.809766414311213     5.8214160048084125    6.103334748040162     9.943668782842071     5.092242264815275     5.34783910342132      6.555046842497008     5.311319875705608     5.0135971841952625    13.978305306396305    
/home/drubin/koa_scratch/r500/m+0.00/bosz2024_ms_t4750_g+0.5_m+0.00_a+0.00_c+0.00_v2_r500_resam.txt     0.45392381457954745     5.216555296545442     5.003394258753725     5.253092805851551     5.884906639365414     6.188577559920665     6.79678081191243      5.798589727711776     6.061581386219541     9.630550527298071     5.09139801457454      5.340682167113045     6.4881185388840334    5.304041971356165     5.001120543817095     13.379309753967432    
/home/drubin/koa_scratch/r500/m+0.00/bosz2024_ms_t4750_g+1.0_m+0.00_a+0.00_c+0.00_v2_r500_resam.txt     0.4589981446899551      5.215339974670396     4.997176108138285     5.247194344056294     5.875047421757026     6.188823855398806     6.788855081661732     5.785512252972581     6.035798038671646     9.396026960692108     5.092966493928296     5.339021124847806     6.443308218551387     5.301966450505152     4.993360649975762     12.985511101539593    
/home/drubin/koa_scratch/r500/m+0.00/bosz2024_ms_t4750_g+1.5_m+0.00_a+0.00_c+0.00_v2_r500_resam.txt     0.4620607301163412      5.217016077071931     4.9933429557762885    5.243531395616985     5.867830523077172     6.189891495507372     6.784599012360514     5.779108339474859     6.020746710221751     9.21603667945934      5.0960826456414745    5.340978660141426     6.413757014257171     5.3034074148940205    4.988204904165288     12.700665598256272    
/home/drubin/koa_scratch/r500/m+0.00/bosz2024_ms_t4750_g+2.0_m+0.00_a+0.00_c+0.00_v2_r500_resam.txt     0.4637505149355556      5.220537470747467     4.990819288718451     5.2411585426712435    5.862003816204159     6.191417004148945     6.783154611669823     5.777077885391902     6.0126669211929915    9.074964595686604     5.1001204505157505    5.345110567883676     6.394500813257925     5.307045307214626     4.984475154882866     12.477562833755444    
/home/drubin/koa_scratch/r500/m+0.00/bosz2024_ms_t4750_g+2.5_m+0.00_a+0.00_c+0.00_v2_r500_resam.txt     0.4645337374519317      5.22505377038372      4.988996306359122     5.239464469802951     5.856939085578251     6.193120966965546     6.783863292614512     5.777739541261509     6.009073439203601     8.963259235095471     5.1045483714221636    5.350287358264454     6.382334695923529     5.311831207926244     4.981521283892292     12.300517317853307    
/home/drubin/koa_scratch/r500/m+0.00/bosz2024_ms_t4750_g+3.0_m+0.00_a+0.00_c+0.00_v2_r500_resam.txt     0.46483573785910964     5.229465472232928     4.987424564167106     5.237993314068002     5.852242822514385     6.194739224928062     6.786023855026208     5.779580937851287     6.0081235412404865    8.87577005662979      5.108632102452471     5.355184725499188     6.375221828427318     5.316508187075958     4.9789358401588935    12.15243791333818     
/home/drubin/koa_scratch/r500/m+0.00/bosz2024_ms_t5000_g+0.5_m+0.00_a+0.00_c+0.00_v2_r500_resam.txt     0.5531625537424123      5.012415788052516     4.904555518047898     5.189922702195325     5.804026141792347     6.130956627105895     6.721967821604417     5.516466923424624     5.720025198830476     8.924491076803378     4.933090765423545     5.108636966416155     6.09006233064023      5.08124007286023      4.907506614707522     12.13381546649556     
/home/drubin/koa_scratch/r500/m+0.00/bosz2024_ms_t5000_g+1.0_m+0.00_a+0.00_c+0.00_v2_r500_resam.txt     0.5594434141955048      5.012820453641189     4.89797728086848      5.182816528397382     5.795854331825416     6.130469226810892     6.713602146455708     5.505475092999832     5.699836362756329     8.706510802587342     4.934975967020161     5.107969363663764     6.053953316251958     5.08033280685723      4.899669871702956     11.802078850520264    
/home/drubin/koa_scratch/r500/m+0.00/bosz2024_ms_t5000_g+1.5_m+0.00_a+0.00_c+0.00_v2_r500_resam.txt     0.5635709559177142      5.0148027041391785    4.89376197310409      5.178253424584863     5.790558755153433     6.130815877075232     6.708947046587419     5.499718997262066     5.68815786554835      8.535968015706818     4.937742835605266     5.10967284172399      6.0303649333940275    5.081649205548158     4.894424842519828     11.555096983424244    
/home/drubin/koa_scratch/r500/m+0.00/bosz2024_ms_t5000_g+2.0_m+0.00_a+0.00_c+0.00_v2_r500_resam.txt     0.5661939321668491      5.0176879579973495    4.890849344403919     5.175196999576271     5.7866888371385725    6.131567100022604     6.70704279706065      5.497361149366915     5.6819299973682735    8.402644763170713     4.940852039293347     5.112656786059382     6.015353978960648     5.084244481984255     4.890611901381375     11.365594677496269    
/home/drubin/koa_scratch/r500/m+0.00/bosz2024_ms_t5000_g+2.5_m+0.00_a+0.00_c+0.00_v2_r500_resam.txt     0.5677703933753623      5.021019505862133     4.88865280346255      5.172968664223773     5.7833742378360515    6.1324710309372445    6.7072296126954285    5.497077841244504     5.678907416103229     8.299218544162875     4.944005072382468     5.116215323917085     6.00595943768319      5.087483850233044     4.887597905428508     11.21905352434297     
/home/drubin/koa_scratch/r500/m+0.00/bosz2024_ms_t5000_g+3.0_m+0.00_a+0.00_c+0.00_v2_r500_resam.txt     0.5687250302132575      5.024209581645759     4.886775688661389     5.1710842267961565    5.78006955978858      6.133315010829035     6.708939716949452     5.497718718732577     5.677448742045583     8.219801474796018     4.9468108491973535    5.119591895058536     6.000150247580859     5.090653674482995     4.884990320107462     11.100275885269175    
/home/drubin/koa_scratch/r500/m+0.00/bosz2024_ms_t5250_g+0.5_m+0.00_a+0.00_c+0.00_v2_r500_resam.txt     0.6697115189766168      4.828493777728543     4.81868329198908      5.132675918298139     5.727537977794591     6.077053520394396     6.6473418134899145    5.25570266942864      5.405592657909048     8.345249290008093     4.7900008475324425    4.900807316735632     5.721723832029601     4.880934040031672     4.826922845176617     11.173455727095256    
/home/drubin/koa_scratch/r500/m+0.00/bosz2024_ms_t5250_g+1.0_m+0.00_a+0.00_c+0.00_v2_r500_resam.txt     0.6767450117852829      4.830915587273642     4.810794301078719     5.123865687148859     5.721029712707645     6.075694745791047     6.6401816889411105    5.248098850212452     5.39246672695676      8.14354381562133      4.792337993300332     4.901278863126008     5.696284102157481     4.881509042894671     4.81785954630706      10.885391068568097    
/home/drubin/koa_scratch/r500/m+0.00/bosz2024_ms_t5250_g+1.5_m+0.00_a+0.00_c+0.00_v2_r500_resam.txt     0.6817211313640269      4.833902919881174     4.8054273936839556    5.1180224315151275    5.7173553400747466    6.075393507335569     6.6366710308159815    5.244259922608599     5.385408066940764     7.977836462272895     4.795212671068176     4.90324494178977      5.679900488740476     4.883369666839705     4.811524263933611     10.65341588118315     
/home/drubin/koa_scratch/r500/m+0.00/bosz2024_ms_t5250_g+2.0_m+0.00_a+0.00_c+0.00_v2_r500_resam.txt     0.6851468311236045      4.8370821013689955    4.801556649426994     5.114019817706792     5.7150829841009365    6.07559846294601      6.635390726093815     5.24298259594668      5.382384366185832     7.843547122744724     4.798162495674428     4.9059754039346775    5.670139099091639     4.8859029298349475    4.806820556326602     10.466818564059633    
/home/drubin/koa_scratch/r500/m+0.00/bosz2024_ms_t5250_g+2.5_m+0.00_a+0.00_c+0.00_v2_r500_resam.txt     0.6874823291987523      4.840024286154504     4.798552839867786     5.111104652167585     5.713341740897508     6.075977748441293     6.635582525428484     5.243107283448422     5.381570704617761     7.736858561406916     4.80081974686113      4.908793618383158     5.664765023396705     4.888496752168802     4.803085221740238     10.319407215392493    
/home/drubin/koa_scratch/r500/m+0.00/bosz2024_ms_t5250_g+3.0_m+0.00_a+0.00_c+0.00_v2_r500_resam.txt     0.6890564373400225      4.842465513008692     4.7960513005240415    5.108764636178723     5.711626767194672     6.076309800341727     6.636918733018313     5.2437863302559276    5.381623053090233     7.654757132048658     4.802939871680046     4.911194198654123     5.6620748672186805    4.890725839743683     4.799959657146993     10.206777380633437    
/home/drubin/koa_scratch/r500/m+0.00/bosz2024_ms_t5500_g+1.0_m+0.00_a+0.00_c+0.00_v2_r500_resam.txt     0.8123515761563354      4.666258573983418     4.734281483823245     5.070334630062553     5.6571320610884435    6.024564821474017     6.571351098458522     5.010138610869227     5.110526196912991     7.682067279892574     4.663166123410036     4.715393250025394     5.366848166065518     4.702036173886573     4.746575233693264     10.144666410568043    
/home/drubin/koa_scratch/r500/m+0.00/bosz2024_ms_t5500_g+1.5_m+0.00_a+0.00_c+0.00_v2_r500_resam.txt     0.8182465165804841      4.669818520024369     4.7269417065537915    5.062678586940969     5.653748838469217     6.023222954901346     6.569257414839326     5.00823592133176      5.108007014542012     7.519221283700531     4.6655904178656025    4.7167874890008346    5.357940320494249     4.703805849480903     4.738283053793896     9.919737092340155     
/home/drubin/koa_scratch/r500/m+0.00/bosz2024_ms_t5500_g+2.0_m+0.00_a+0.00_c+0.00_v2_r500_resam.txt     0.8226027419141027      4.673319133454247     4.721494899876449     5.05733500458949      5.651669431249184     6.022710834382544     6.5686908677731495    5.008312960802974     5.108268874467257     7.38194033029419      4.668263808680142     4.719027419223314     5.353604379312349     4.706170354216663     4.7319814604078       9.73025729283236      
/home/drubin/koa_scratch/r500/m+0.00/bosz2024_ms_t5500_g+2.5_m+0.00_a+0.00_c+0.00_v2_r500_resam.txt     0.825768535886117       4.676433057286078     4.717248096280217     5.0534492285387875    5.650216553499156     6.022586159282888     6.569062442481823     5.009538146376128     5.1100858752422536    7.2685352458973265    4.670753254428749     4.721485414303569     5.352507616129763     4.708604627496298     4.726970399227026     9.574459379103244     
/home/drubin/koa_scratch/r500/m+0.00/bosz2024_ms_t5500_g+3.0_m+0.00_a+0.00_c+0.00_v2_r500_resam.txt     0.828102512827864       4.678809865493602     4.713761898301854     5.0504363720576695    5.648948628426973     6.0225272185875       6.570090861092032     5.011059096942342     5.112295293945039     7.177468450103126     4.672683759479367     4.723501940309503     5.35328673881807      4.710554220193946     4.722820247565186     9.450510159081533     
/home/drubin/koa_scratch/r500/m+0.00/bosz2024_ms_t5750_g+1.0_m+0.00_a+0.00_c+0.00_v2_r500_resam.txt     0.9671240737028225      4.516775057421521     4.667251448518988     5.0221891952414035    5.605753421492787     5.9776214746920875    6.510040970921627     4.790083432353909     4.851590514449512     7.299241904829659     4.546391185010586     4.548829636387554     5.063111905777559     4.540280440904035     4.684384189744928     9.524046427307182     
/home/drubin/koa_scratch/r500/m+0.00/bosz2024_ms_t5750_g+1.5_m+0.00_a+0.00_c+0.00_v2_r500_resam.txt     0.9744220488519492      4.520314172966967     4.657244339373245     5.012167263474944     5.600899310201896     5.974689501754035     6.5082031196820145    4.789406829255223     4.852651280744019     7.138955403188315     4.547617102708734     4.548468081518536     5.060358388345141     4.541035430782954     4.673465347352874     9.304072015782586     
/home/drubin/koa_scratch/r500/m+0.00/bosz2024_ms_t5750_g+2.0_m+0.00_a+0.00_c+0.00_v2_r500_resam.txt     0.9799473008766141      4.5238763459555695    4.649664580571745     5.0050357466878745    5.597670481037921     5.973057375484322     6.507707382206567     4.7907340718198       4.85603977706581      6.9987003264365235    4.549563145538999     4.5494333076771065    5.061419369099733     4.542671712600403     4.665039354962087     9.111553482503611     
/home/drubin/koa_scratch/r500/m+0.00/bosz2024_ms_t5750_g+2.5_m+0.00_a+0.00_c+0.00_v2_r500_resam.txt     0.9840318402079146      4.527099819785085     4.643751914179796     4.999849850106312     5.5953386023525695    5.972148610691357     6.507949575942044     4.793339065759431     4.860855915158281     6.8782806810184915    4.5516851978643205    4.551049445396279     5.065395800194708     4.544633775223455     4.65832711941999      8.946896997671287     
/home/drubin/koa_scratch/r500/m+0.00/bosz2024_ms_t5750_g+3.0_m+0.00_a+0.00_c+0.00_v2_r500_resam.txt     0.9873631119945601      4.529594537030071     4.638931426014248     4.995902883030647     5.5934801273572585    5.971576192625391     6.508631512583181     4.7960212546961545    4.865446529002574     6.777468711218413     4.55348065767576      4.552632008906816     5.070014686554586     4.546345676126685     4.65277579025581      8.810820559736035     
/home/drubin/koa_scratch/r500/m+0.00/bosz2024_ms_t6000_g+1.0_m+0.00_a+0.00_c+0.00_v2_r500_resam.txt     1.1429314577297671      4.37994204968981      4.60839172231746      4.979098194196435     5.562465389421261     5.934961664554318     6.456564844233896     4.585507361593934     4.611988754435214     6.977360811308257     4.44027590502918      4.399251812562214     4.781608165635632     4.3939161817637755    4.629856200290619     8.993025344494908     
/home/drubin/koa_scratch/r500/m+0.00/bosz2024_ms_t6000_g+1.5_m+0.00_a+0.00_c+0.00_v2_r500_resam.txt     1.1516069592136817      4.383300309426702     4.595386724610221     4.966361165575831     5.555435467913988     5.930024842002171     6.453985779694772     4.58594782334192      4.616340927382916     6.821088544469997     4.439894104647752     4.396437255329911     4.784762168572051     4.393176180257948     4.616042368863919     8.777692943211868     
/home/drubin/koa_scratch/r500/m+0.00/bosz2024_ms_t6000_g+2.0_m+0.00_a+0.00_c+0.00_v2_r500_resam.txt     1.1582954113695447      4.38695811956468      4.585391714548972     4.957128999944564     5.55050999752779      5.926920068874223     6.452869785778526     4.588543599739344     4.6228210121488775    6.67924917679279      4.440899749129673     4.395606217390002     4.791055625852436     4.39379309608967      4.605245639951411     8.583888556474049     
/home/drubin/koa_scratch/r500/m+0.00/bosz2024_ms_t6000_g+2.5_m+0.00_a+0.00_c+0.00_v2_r500_resam.txt     1.1632558765975203      4.390417250650992     4.577512371355476     4.95035127626422      5.546845871248483     5.924948902182395     6.452596483845414     4.592742825952737     4.630885951278527     6.552917735370273     4.442567315155788     4.396050113108569     4.8001987585396915    4.395127583434086     4.5965619827558015    8.412669386029552     
/home/drubin/koa_scratch/r500/m+0.00/bosz2024_ms_t6000_g+3.0_m+0.00_a+0.00_c+0.00_v2_r500_resam.txt     1.1677118510837339      4.393163048359277     4.571031897249384     4.9452033569218985    5.543950640829053     5.923636653064888     6.452793614782505     4.596846983200285     4.63817300293437      6.443028589004091     4.444164802544433     4.396932986632768     4.8090328917178775    4.396490131362676     4.589299566040398     8.26664963497356      
/home/drubin/koa_scratch/r500/m+0.00/bosz2024_ms_t6250_g+1.5_m+0.00_a+0.00_c+0.00_v2_r500_resam.txt     1.3520840757688306      4.256617554945629     4.5402204921294125    4.924767042806115     5.514768245152356     5.889011170403455     6.407297413928221     4.395692885357193     4.3961593592172905    6.55028857985654      4.3408633346045065    4.258420359868876     4.528342879479074     4.258029439939175     4.5648258341215335    8.319208545170829     
/home/drubin/koa_scratch/r500/m+0.00/bosz2024_ms_t6250_g+2.0_m+0.00_a+0.00_c+0.00_v2_r500_resam.txt     1.3598052438450479      4.260218479208703     4.527670762255756     4.913228923879814     5.507926426751863     5.884113876063454     6.40467711973161      4.399410216460967     4.405318075200559     6.409461103577137     4.340604478507696     4.255183228178633     4.5396095974366695    4.257198270731007     4.55159001567429      8.12581935839508      
/home/drubin/koa_scratch/r500/m+0.00/bosz2024_ms_t6250_g+2.5_m+0.00_a+0.00_c+0.00_v2_r500_resam.txt     1.3660348566490297      4.2639670557853515    4.517597053751845     4.904626194802153     5.502786287074979     5.880849314203088     6.403262644356983     4.40474147121926      4.4157621546925405    6.279676619502714     4.341625633340165     4.25404871004169      4.552569066250406     4.257691858960743     4.540759435052987     7.950804320814523     
/home/drubin/koa_scratch/r500/m+0.00/bosz2024_ms_t6250_g+3.0_m+0.00_a+0.00_c+0.00_v2_r500_resam.txt     1.3712723550712527      4.267326570809327     4.509350813535866     4.898133430847054     5.49874160458341      5.878643712790872     6.402588414594399     4.410783130909697     4.426391276158686     6.162663775949183     4.34317110765891      4.254184690969335     4.566218537934694     4.258810747595073     4.531708033848031     7.7978819182776355    
/home/drubin/koa_scratch/r500/m+0.00/bosz2024_ms_t6500_g+1.0_m+0.00_a+0.00_c+0.00_v2_r500_resam.txt     1.5685656761177735      4.140111166665863     4.510942093546682     4.905945246521175     5.490272436434992     5.861723212518999     6.374603468679769     4.215817439907228     4.182686003697732     6.456795795366129     4.256836300401477     4.145624138354169     4.270616878150162     4.142542849566515     4.539360382220524     8.117358017958008     
/home/drubin/koa_scratch/r500/m+0.00/bosz2024_ms_t6500_g+1.5_m+0.00_a+0.00_c+0.00_v2_r500_resam.txt     1.5796812333937749      4.139517256836395     4.490790127660286     4.886873458183618     5.477878488953882     5.851556224590157     6.3675147836164605    4.216420397758584     4.1891744637664114    6.314065465558651     4.2498653622905636    4.133456779088567     4.286014332278157     4.134737741603643     4.5188398235205245    7.914057827511781     
/home/drubin/koa_scratch/r500/m+0.00/bosz2024_ms_t6500_g+2.0_m+0.00_a+0.00_c+0.00_v2_r500_resam.txt     1.5884281320366744      4.142269867264759     4.475483388203516     4.872867715519163     5.468942644592434     5.844543138925626     6.362887206625492     4.220692886970602     4.199846870126448     6.176564695458837     4.24756297178011      4.1266796898871485    4.302103788062701     4.131466848843671     4.503027310526911     7.722938680345756     
/home/drubin/koa_scratch/r500/m+0.00/bosz2024_ms_t6500_g+2.5_m+0.00_a+0.00_c+0.00_v2_r500_resam.txt     1.5953737848636822      4.146155236064915     4.463216281488602     4.862331301803663     5.462183291688294     5.839702487902319     6.359916382381225     4.227336227385933     4.212739538874056     6.046253332045629     4.2476673316447675    4.123351978029648     4.319612483883196     4.1306877655112375    4.490116603942735     7.546849751862151     
/home/drubin/koa_scratch/r500/m+0.00/bosz2024_ms_t6500_g+3.0_m+0.00_a+0.00_c+0.00_v2_r500_resam.txt     1.6011412645744918      4.150153670877765     4.453114778422075     4.854345412608994     5.456886240689509     5.836387879452188     6.358050585861001     4.235307223139143     4.226541906394193     5.9250117355150085    4.24902020544327      4.122331191248177     4.337999258988629     4.131321821611056     4.479245822975026     7.38924910924517      
/home/drubin/koa_scratch/r500/m+0.00/bosz2024_ms_t6750_g+1.0_m+0.00_a+0.00_c+0.00_v2_r500_resam.txt     1.8244285785969743      4.035364360017482     4.4689533518612645    4.873402116112598     5.4587381140145075    5.829912475009432     6.341707412877682     4.0482111116245285    3.9903979656736253    6.234892405569462     4.177528121756111     4.037929894703547     4.0394087463164325    4.034589434935844     4.499991990916904     7.744867401848884     
/home/drubin/koa_scratch/r500/m+0.00/bosz2024_ms_t6750_g+1.5_m+0.00_a+0.00_c+0.00_v2_r500_resam.txt     1.8368330395017285      4.033461577255566     4.44682273864334      4.852478166460738     5.4444173958490625    5.8176233933698365    6.332539304628022     4.048355668632896     3.996430443714102     6.103516825269365     4.16798648382413      4.022421236638667     4.055573742545392     4.024384681575578     4.477737961685767     7.554422163899176     
/home/drubin/koa_scratch/r500/m+0.00/bosz2024_ms_t6750_g+2.0_m+0.00_a+0.00_c+0.00_v2_r500_resam.txt     1.8461836317879883      4.033294790341927     4.428308978811738     4.835711574007943     5.433135159276242     5.808175251865616     6.325670055834132     4.052350853471294     4.006704759397587     5.970162407587716     4.1619025765101565    4.010001364840085     4.077725226215382     4.0166048870067685    4.458995201818433     7.365562924298688     
/home/drubin/koa_scratch/r500/m+0.00/bosz2024_ms_t6750_g+2.5_m+0.00_a+0.00_c+0.00_v2_r500_resam.txt     1.8539851760719617      4.036413284241201     4.413697079972154     4.823129854569136     5.424618724996947     5.80147146240407      6.320978876292404     4.059654410099154     4.020849812805346     5.841563795947028     4.16025354719927      4.003290919226813     4.0996406872955       4.013488563487301     4.443928614091874     7.189705382106029     
/home/drubin/koa_scratch/r500/m+0.00/bosz2024_ms_t6750_g+3.0_m+0.00_a+0.00_c+0.00_v2_r500_resam.txt     1.8604143395356674      4.0406113646927295    4.401654761808757     4.813522059464862     5.417924102483487     5.796755658399913     6.317818008599515     4.069060646608586     4.036988555716733     5.719110419824883     4.1609321860802       4.000273874688621     4.1222578334592255    4.012961056031145     4.431223792872808     7.029776489068719     
/home/drubin/koa_scratch/r500/m+0.00/bosz2024_ms_t7000_g+1.0_m+0.00_a+0.00_c+0.00_v2_r500_resam.txt     2.111320151136236       3.93546324771561      4.427041341581878     4.840226749945722     5.4276744191613515    5.799150684352413     6.310711510638792     3.8908027261572493    3.812305050545048     6.022086310928742     4.101608995353457     3.935602287837195     3.83109026117723      3.9318096318471936    4.460291606056651     7.392907949480487     
/home/drubin/koa_scratch/r500/m+0.00/bosz2024_ms_t7000_g+1.5_m+0.00_a+0.00_c+0.00_v2_r500_resam.txt     2.1250877525363197      3.935400953983281     4.405440973189389     4.819423448921704     5.412817615270019     5.785941089550745     6.300435812232238     3.890870636485604     3.817283555187385     5.906919208853678     4.092380452095108     3.9209427335859495    3.8425095072035607    3.9230539224261323    4.438736165745381     7.224935005098979     
/home/drubin/koa_scratch/r500/m+0.00/bosz2024_ms_t7000_g+2.0_m+0.00_a+0.00_c+0.00_v2_r500_resam.txt     2.1355146437446377      3.9346284205133006    4.385831069570582     4.8015495704336795    5.400272233084417     5.7749370686508446    6.292009440728692     3.8944098262810907    3.8266011675972047    5.782892689840474     4.084623181178687     3.9059737305686464    3.8640334013370303    3.913616528598714     4.41912215664261      7.047114663212106     
/home/drubin/koa_scratch/r500/m+0.00/bosz2024_ms_t7000_g+2.5_m+0.00_a+0.00_c+0.00_v2_r500_resam.txt     2.143542780737798       3.9350940354160757    4.368554911221026     4.786726268558076     5.389847774867507     5.7661535675208375    6.285428101105783     3.9016554680425033    3.840310934824616     5.657009915210502     4.0796546195803405    3.8940010238695417    3.8915809406849373    3.9063036250736842    4.401664885180911     6.871680492957626     
/home/drubin/koa_scratch/r500/m+0.00/bosz2024_ms_t7000_g+3.0_m+0.00_a+0.00_c+0.00_v2_r500_resam.txt     2.1507244916185644      3.93861014336022      4.354486601074182     4.7754240787020805    5.381664144550094     5.759812113489355     6.280809909752579     3.9118707318718715    3.8576575771472377    5.535572672096899     4.0788527190092445    3.8878435009929997    3.918372934341453     3.9035834358279597    4.387118470105515     6.711009549383574     
/home/drubin/koa_scratch/r500/m+0.00/bosz2024_ms_t7250_g+2.0_m+0.00_a+0.00_c+0.00_v2_r500_resam.txt     2.458557607494306       3.842739979177374     4.345220798212528     4.768282096522195     5.368726107328589     5.743395609954827     6.260417962826695     3.746269525132152     3.6591640295421497    5.603211293256763     4.012625261271779     3.8098764324739682    3.666786935695636     3.818157362577886     4.380693804051306     6.749996076675613     
/home/drubin/koa_scratch/r500/m+0.00/bosz2024_ms_t7250_g+2.5_m+0.00_a+0.00_c+0.00_v2_r500_resam.txt     2.4673329017492796      3.8429798994205617    4.327396750077124     4.752820797446389     5.357481929260417     5.733451907508326     6.252667999699084     3.7530669093035303    3.6715366617726257    5.485775661509399     4.0065148085435425    3.7958532883674083    3.693074401826841     3.80961868854025      4.362896206346106     6.58535008307413      
/home/drubin/koa_scratch/r500/m+0.00/bosz2024_ms_t7250_g+3.0_m+0.00_a+0.00_c+0.00_v2_r500_resam.txt     2.474232708614896       3.844237399355164     4.311125452980504     4.739744269992976     5.347786235187311     5.7253878130852       6.246491235274682     3.7634555262702545    3.6885647027295865    5.366868211996344     4.002883286082579     3.7849598783480647    3.7251136769448223    3.80315831749916      4.34641278822888      6.424666703553        
/home/drubin/koa_scratch/r500/m+0.00/bosz2024_ms_t7500_g+2.0_m+0.00_a+0.00_c+0.00_v2_r500_resam.txt     2.8178554511197413      3.7542195272132206    4.304134858169214     4.734171071178921     5.337038041301731     5.712159489523266     6.229536548151788     3.607594108547697     3.5047151803428966    5.421529228678244     3.9429381453304813    3.717230394406709     3.48987936554608      3.7260823812263517    4.34148155156685      6.457738056556907     
/home/drubin/koa_scratch/r500/m+0.00/bosz2024_ms_t7500_g+2.5_m+0.00_a+0.00_c+0.00_v2_r500_resam.txt     2.8277575024917625      3.7569827944053658    4.287728066235941     4.719588308895508     5.326077100423302     5.702053318019492     6.221447287174783     3.6139120983814905    3.5150252939767235    5.317984193188686     3.938160236629728     3.7047619627955877    3.5101743857611813    3.719654419512474     4.325225041736035     6.314201676981308     
/home/drubin/koa_scratch/r500/m+0.00/bosz2024_ms_t7500_g+3.0_m+0.00_a+0.00_c+0.00_v2_r500_resam.txt     2.8352373811967175      3.7580604502657824    4.271177921038229     4.706141961607604     5.3158474399625195    5.693094658730075     6.214380796741134     3.623672461170563     3.530227387984086     5.207256266318602     3.933571260553506     3.691963555653288     3.5406314361229603    3.7120532646664843    4.308669093553863     6.1636491150335395    
/home/drubin/koa_scratch/r500/m+0.00/bosz2024_ms_t7750_g+2.0_m+0.00_a+0.00_c+0.00_v2_r500_resam.txt     3.21664406273808        3.6710562658579877    4.2629164030354945    4.699398745924579     5.3049575367133635    5.680857645972148     6.1988824647872125    3.479307139093528     3.364111957126779     5.2355741986402276    3.8771535541793583    3.6294972597592334    3.330688332121769     3.639032013874174     4.301795775047529     6.167802894292161     
/home/drubin/koa_scratch/r500/m+0.00/bosz2024_ms_t7750_g+2.5_m+0.00_a+0.00_c+0.00_v2_r500_resam.txt     3.2272966945338553      3.6741161980164176    4.247543637728537     4.685559700277152     5.2944142436321755    5.670786832071793     6.190659543756613     3.4842929148860935    3.371512631592583     5.145997084559531     3.871982175772726     3.616909408372116     3.3469919679520572    3.6328436064860776    4.286756120464703     6.044780080013993     
/home/drubin/koa_scratch/r500/m+0.00/bosz2024_ms_t7750_g+3.0_m+0.00_a+0.00_c+0.00_v2_r500_resam.txt     3.236110813379949       3.6777888472174847    4.232617944000924     4.673162904569036     5.28466059436597      5.661842075018545     6.183453446818655     3.4932767027730445    3.3841234087342476    5.048894407521595     3.868925487788965     3.6057942511981484    3.370899780705177     3.6274331310195613    4.271936067553718     5.914986744372698     
/home/drubin/koa_scratch/r500/m+0.00/bosz2024_ms_t8000_g+2.5_m+0.00_a+0.00_c+0.00_v2_r500_resam.txt     3.6691857372895536      3.596512265782412     4.207427968831457     4.651095356013881     5.262407563314103     5.639447315513365     6.159983642780999     3.365079452691379     3.2416579970575143    4.969371466801822     3.8097532208693257    3.534169620502025     3.2007064573262207    3.5511370362489165    4.248022756769173     5.777933040109118     
/home/drubin/koa_scratch/r500/m+0.00/bosz2024_ms_t8000_g+3.0_m+0.00_a+0.00_c+0.00_v2_r500_resam.txt     3.6786718974758474      3.600518086007251     4.193587738828468     4.639497503664953     5.2531769423382215    5.6306439597744316    6.152791524572131     3.372461624493713     3.2509766664279867    4.885569385167286     3.80642167392844      3.522831107789603     3.2202911546850217    3.545896002139646     4.2344651369508854    5.666757404872772     